trial_id,parameters,auc,primary_metric,bkg_rej_@95%,bkg_rej_@98%,bkg_rej_@99%,model_name,val_accuracy,h5_file,output_dir,tarball,luts,luts_used,luts_available,luts_percent,registers,registers_used,registers_available,registers_percent,bram,bram_used,bram_available,bram_percent,dsp,dsp_used,dsp_available,dsp_percent,latency_min,latency_max,interval_min,interval_max,estimated_fmax,run_name,global_id,luts_plus_ff
098,17739,0.9722561382932382,0.9007047810824784,0.923432534823321,0.9036406130476716,0.8790654923338805,model_trial_098,,/home/youeric/PixelML/SmartpixReal/Muon_Collider_Smart_Pixels/eric/model2_5_10bit/model_trial_098.h5,/home/youeric/PixelML/SmartpixReal/Muon_Collider_Smart_Pixels/eric/model2_5_10bit/hls_outputs/hls_model_trial_098,/home/youeric/PixelML/SmartpixReal/Muon_Collider_Smart_Pixels/eric/model2_5_10bit/hls_outputs/hls_model_trial_098.tar.gz,687188,687188,53200,1291.71,499105,499105,106400,469.08,0,0,140,0.0,220,220,220,100.0,,,,,143.88,model2_5_10bit,model2_5_10bit_098,1186293
027,12407,0.9722950632655072,0.8982732712303585,0.9226161860791374,0.9008952624561212,0.8769248445157993,model_trial_027,,/home/youeric/PixelML/SmartpixReal/Muon_Collider_Smart_Pixels/eric/model2_5_10bit/model_trial_027.h5,/home/youeric/PixelML/SmartpixReal/Muon_Collider_Smart_Pixels/eric/model2_5_10bit/hls_outputs/hls_model_trial_027,/home/youeric/PixelML/SmartpixReal/Muon_Collider_Smart_Pixels/eric/model2_5_10bit/hls_outputs/hls_model_trial_027.tar.gz,524689,524689,53200,986.26,385422,385422,106400,362.24,0,0,140,0.0,220,220,220,100.0,,,,,143.88,model2_5_10bit,model2_5_10bit_027,910111
101,15349,0.9716807803499312,0.8975449067397148,0.9216547086693212,0.9009224740809274,0.8736685200806673,model_trial_101,,/home/youeric/PixelML/SmartpixReal/Muon_Collider_Smart_Pixels/eric/model2_5_10bit/model_trial_101.h5,/home/youeric/PixelML/SmartpixReal/Muon_Collider_Smart_Pixels/eric/model2_5_10bit/hls_outputs/hls_model_trial_101,/home/youeric/PixelML/SmartpixReal/Muon_Collider_Smart_Pixels/eric/model2_5_10bit/hls_outputs/hls_model_trial_101.tar.gz,615984,615984,53200,1157.86,457779,457779,106400,430.24,0,0,140,0.0,220,220,220,100.0,,,,,143.88,model2_5_10bit,model2_5_10bit_101,1073763
000,9175,0.9712237965978184,0.8961172034915539,0.920753701536852,0.8991809300933359,0.8730759113626675,model_trial_000,,/home/youeric/PixelML/SmartpixReal/Muon_Collider_Smart_Pixels/eric/model2_5_10bit/model_trial_000.h5,/home/youeric/PixelML/SmartpixReal/Muon_Collider_Smart_Pixels/eric/model2_5_10bit/hls_outputs/hls_model_trial_000,/home/youeric/PixelML/SmartpixReal/Muon_Collider_Smart_Pixels/eric/model2_5_10bit/hls_outputs/hls_model_trial_000.tar.gz,394021,394021,53200,740.64,281212,281212,106400,264.3,0,0,140,0.0,220,220,220,100.0,,,,,143.88,model2_5_10bit,model2_5_10bit_000,675233
075,10363,0.9698129652922074,0.8954320752492131,0.9201580693049848,0.8985308746118564,0.8722232804520758,model_trial_075,,/home/youeric/PixelML/SmartpixReal/Muon_Collider_Smart_Pixels/eric/model2_5_10bit/model_trial_075.h5,/home/youeric/PixelML/SmartpixReal/Muon_Collider_Smart_Pixels/eric/model2_5_10bit/hls_outputs/hls_model_trial_075,/home/youeric/PixelML/SmartpixReal/Muon_Collider_Smart_Pixels/eric/model2_5_10bit/hls_outputs/hls_model_trial_075.tar.gz,445501,445501,53200,837.41,321870,321870,106400,302.51,0,0,140,0.0,220,220,220,100.0,,,,,143.88,model2_5_10bit,model2_5_10bit_075,767371
022,5337,0.9706170070219378,0.8953359275082315,0.919985729014546,0.8989269549284787,0.8704424307842088,model_trial_022,,/home/youeric/PixelML/SmartpixReal/Muon_Collider_Smart_Pixels/eric/model2_5_10bit/model_trial_022.h5,/home/youeric/PixelML/SmartpixReal/Muon_Collider_Smart_Pixels/eric/model2_5_10bit/hls_outputs/hls_model_trial_022,/home/youeric/PixelML/SmartpixReal/Muon_Collider_Smart_Pixels/eric/model2_5_10bit/hls_outputs/hls_model_trial_022.tar.gz,246784,246784,53200,463.88,172935,172935,106400,162.53,0,0,140,0.0,220,220,220,100.0,,,,,143.88,model2_5_10bit,model2_5_10bit_022,419719
006,7729,0.9711336559017976,0.8947034084071827,0.9202215630961992,0.8977598785756831,0.8712466854729229,model_trial_006,,/home/youeric/PixelML/SmartpixReal/Muon_Collider_Smart_Pixels/eric/model2_5_10bit/model_trial_006.h5,/home/youeric/PixelML/SmartpixReal/Muon_Collider_Smart_Pixels/eric/model2_5_10bit/hls_outputs/hls_model_trial_006,/home/youeric/PixelML/SmartpixReal/Muon_Collider_Smart_Pixels/eric/model2_5_10bit/hls_outputs/hls_model_trial_006.tar.gz,345913,345913,53200,650.21,244312,244312,106400,229.62,0,0,140,0.0,220,220,220,100.0,,,,,143.88,model2_5_10bit,model2_5_10bit_006,590225
052,7557,0.9704151701776024,0.8923505099156137,0.9182018558328118,0.895576901563459,0.8681324661895562,model_trial_052,,/home/youeric/PixelML/SmartpixReal/Muon_Collider_Smart_Pixels/eric/model2_5_10bit/model_trial_052.h5,/home/youeric/PixelML/SmartpixReal/Muon_Collider_Smart_Pixels/eric/model2_5_10bit/hls_outputs/hls_model_trial_052,/home/youeric/PixelML/SmartpixReal/Muon_Collider_Smart_Pixels/eric/model2_5_10bit/hls_outputs/hls_model_trial_052.tar.gz,337061,337061,53200,633.57,238699,238699,106400,224.34,0,0,140,0.0,220,220,220,100.0,,,,,143.88,model2_5_10bit,model2_5_10bit_052,575760
068,4823,0.9695737092036276,0.890030265373812,0.9167324280932816,0.8931459964141125,0.865774125373026,model_trial_068,,/home/youeric/PixelML/SmartpixReal/Muon_Collider_Smart_Pixels/eric/model2_5_10bit/model_trial_068.h5,/home/youeric/PixelML/SmartpixReal/Muon_Collider_Smart_Pixels/eric/model2_5_10bit/hls_outputs/hls_model_trial_068,/home/youeric/PixelML/SmartpixReal/Muon_Collider_Smart_Pixels/eric/model2_5_10bit/hls_outputs/hls_model_trial_068.tar.gz,223291,223291,53200,419.72,156882,156882,106400,147.45,0,0,140,0.0,220,220,220,100.0,,,,,143.88,model2_5_10bit,model2_5_10bit_068,380173
058,5463,0.9695931943175968,0.8894228414378622,0.9173462014083528,0.8927347985281534,0.8638693116365979,model_trial_058,,/home/youeric/PixelML/SmartpixReal/Muon_Collider_Smart_Pixels/eric/model2_5_10bit/model_trial_058.h5,/home/youeric/PixelML/SmartpixReal/Muon_Collider_Smart_Pixels/eric/model2_5_10bit/hls_outputs/hls_model_trial_058,/home/youeric/PixelML/SmartpixReal/Muon_Collider_Smart_Pixels/eric/model2_5_10bit/hls_outputs/hls_model_trial_058.tar.gz,252658,252658,53200,474.92,176261,176261,106400,165.66,0,0,140,0.0,220,220,220,100.0,,,,,143.88,model2_5_10bit,model2_5_10bit_058,428919
031,4939,0.9681399670976124,0.8870992710308067,0.9153990584777816,0.8905911271962049,0.860727880728425,model_trial_031,,/home/youeric/PixelML/SmartpixReal/Muon_Collider_Smart_Pixels/eric/model2_5_10bit/model_trial_031.h5,/home/youeric/PixelML/SmartpixReal/Muon_Collider_Smart_Pixels/eric/model2_5_10bit/hls_outputs/hls_model_trial_031,/home/youeric/PixelML/SmartpixReal/Muon_Collider_Smart_Pixels/eric/model2_5_10bit/hls_outputs/hls_model_trial_031.tar.gz,223543,223543,53200,420.19,157927,157927,106400,148.43,0,0,140,0.0,220,220,220,100.0,,,,,143.88,model2_5_10bit,model2_5_10bit_031,381470
039,3225,0.9683458172893183,0.8868836944920647,0.9159644555709756,0.8910990775259191,0.8575894733341194,model_trial_039,,/home/youeric/PixelML/SmartpixReal/Muon_Collider_Smart_Pixels/eric/model2_5_10bit/model_trial_039.h5,/home/youeric/PixelML/SmartpixReal/Muon_Collider_Smart_Pixels/eric/model2_5_10bit/hls_outputs/hls_model_trial_039,/home/youeric/PixelML/SmartpixReal/Muon_Collider_Smart_Pixels/eric/model2_5_10bit/hls_outputs/hls_model_trial_039.tar.gz,156263,156263,53200,293.73,106319,106319,106400,99.92,0,0,140,0.0,220,220,220,100.0,,,,,143.88,model2_5_10bit,model2_5_10bit_039,262582
109,4609,0.9665978990811236,0.8858560021285538,0.9126839430249049,0.889744543313348,0.8588321375335988,model_trial_109,,/home/youeric/PixelML/SmartpixReal/Muon_Collider_Smart_Pixels/eric/model2_5_10bit/model_trial_109.h5,/home/youeric/PixelML/SmartpixReal/Muon_Collider_Smart_Pixels/eric/model2_5_10bit/hls_outputs/hls_model_trial_109,/home/youeric/PixelML/SmartpixReal/Muon_Collider_Smart_Pixels/eric/model2_5_10bit/hls_outputs/hls_model_trial_109.tar.gz,207170,207170,53200,389.42,147956,147956,106400,139.06,0,0,140,0.0,220,220,220,100.0,,,,,143.88,model2_5_10bit,model2_5_10bit_109,355126
103,3703,0.9672889092111994,0.8845613334905561,0.912206227833864,0.8879667171593483,0.8588200434781295,model_trial_103,,/home/youeric/PixelML/SmartpixReal/Muon_Collider_Smart_Pixels/eric/model2_5_10bit/model_trial_103.h5,/home/youeric/PixelML/SmartpixReal/Muon_Collider_Smart_Pixels/eric/model2_5_10bit/hls_outputs/hls_model_trial_103,/home/youeric/PixelML/SmartpixReal/Muon_Collider_Smart_Pixels/eric/model2_5_10bit/hls_outputs/hls_model_trial_103.tar.gz,172034,172034,53200,323.37,120765,120765,106400,113.5,0,0,140,0.0,220,220,220,100.0,,,,,143.88,model2_5_10bit,model2_5_10bit_103,292799
003,2905,0.966492560026557,0.8832391508763655,0.910600741970303,0.8865154305030221,0.8580913766360989,model_trial_003,,/home/youeric/PixelML/SmartpixReal/Muon_Collider_Smart_Pixels/eric/model2_5_10bit/model_trial_003.h5,/home/youeric/PixelML/SmartpixReal/Muon_Collider_Smart_Pixels/eric/model2_5_10bit/hls_outputs/hls_model_trial_003,/home/youeric/PixelML/SmartpixReal/Muon_Collider_Smart_Pixels/eric/model2_5_10bit/hls_outputs/hls_model_trial_003.tar.gz,142796,142796,53200,268.41,98082,98082,106400,92.18,0,0,140,0.0,220,220,220,100.0,,,,,143.88,model2_5_10bit,model2_5_10bit_003,240878
005,3261,0.9654868404621098,0.8814927692665863,0.9102923435558335,0.884429205934553,0.8568154537840788,model_trial_005,,/home/youeric/PixelML/SmartpixReal/Muon_Collider_Smart_Pixels/eric/model2_5_10bit/model_trial_005.h5,/home/youeric/PixelML/SmartpixReal/Muon_Collider_Smart_Pixels/eric/model2_5_10bit/hls_outputs/hls_model_trial_005,/home/youeric/PixelML/SmartpixReal/Muon_Collider_Smart_Pixels/eric/model2_5_10bit/hls_outputs/hls_model_trial_005.tar.gz,149257,149257,53200,280.56,104913,104913,106400,98.6,0,0,140,0.0,220,220,220,100.0,,,,,143.88,model2_5_10bit,model2_5_10bit_005,254170
069,2667,0.9655222548312856,0.8761069840146821,0.905230981341896,0.879401102373156,0.8500155710964168,model_trial_069,,/home/youeric/PixelML/SmartpixReal/Muon_Collider_Smart_Pixels/eric/model2_5_10bit/model_trial_069.h5,/home/youeric/PixelML/SmartpixReal/Muon_Collider_Smart_Pixels/eric/model2_5_10bit/hls_outputs/hls_model_trial_069,/home/youeric/PixelML/SmartpixReal/Muon_Collider_Smart_Pixels/eric/model2_5_10bit/hls_outputs/hls_model_trial_069.tar.gz,120153,120153,53200,225.85,85380,85380,106400,80.24,0,0,140,0.0,220,220,220,100.0,,,,,143.88,model2_5_10bit,model2_5_10bit_069,205533
108,2271,0.9640868936272452,0.8748625057068824,0.9058931308788448,0.8777895694818605,0.8491024699084783,model_trial_108,,/home/youeric/PixelML/SmartpixReal/Muon_Collider_Smart_Pixels/eric/model2_5_10bit/model_trial_108.h5,/home/youeric/PixelML/SmartpixReal/Muon_Collider_Smart_Pixels/eric/model2_5_10bit/hls_outputs/hls_model_trial_108,/home/youeric/PixelML/SmartpixReal/Muon_Collider_Smart_Pixels/eric/model2_5_10bit/hls_outputs/hls_model_trial_108.tar.gz,107962,107962,53200,202.94,75077,75077,106400,70.56,0,0,140,0.0,220,220,220,100.0,,,,,143.88,model2_5_10bit,model2_5_10bit_108,183039
081,1683,0.9646937402789308,0.874379952893654,0.8995316577019481,0.8774811710673911,0.8509498368814269,model_trial_081,,/home/youeric/PixelML/SmartpixReal/Muon_Collider_Smart_Pixels/eric/model2_5_10bit/model_trial_081.h5,/home/youeric/PixelML/SmartpixReal/Muon_Collider_Smart_Pixels/eric/model2_5_10bit/hls_outputs/hls_model_trial_081,/home/youeric/PixelML/SmartpixReal/Muon_Collider_Smart_Pixels/eric/model2_5_10bit/hls_outputs/hls_model_trial_081.tar.gz,77755,77755,53200,146.16,55570,55570,106400,52.23,0,0,140,0.0,220,220,220,100.0,,,,,143.88,model2_5_10bit,model2_5_10bit_081,133325
026,1727,0.964854876132218,0.8728627536350195,0.9029210167472432,0.8754221581237283,0.8488757063684272,model_trial_026,,/home/youeric/PixelML/SmartpixReal/Muon_Collider_Smart_Pixels/eric/model2_5_10bit/model_trial_026.h5,/home/youeric/PixelML/SmartpixReal/Muon_Collider_Smart_Pixels/eric/model2_5_10bit/hls_outputs/hls_model_trial_026,/home/youeric/PixelML/SmartpixReal/Muon_Collider_Smart_Pixels/eric/model2_5_10bit/hls_outputs/hls_model_trial_026.tar.gz,76069,76069,53200,142.99,55875,55875,106400,52.51,0,0,140,0.0,220,220,220,100.0,,,,,143.88,model2_5_10bit,model2_5_10bit_026,131944
065,1545,0.9565977421586322,0.8632764005672111,0.8910597718456436,0.8662639346195361,0.8389283457448578,model_trial_065,,/home/youeric/PixelML/SmartpixReal/Muon_Collider_Smart_Pixels/eric/model2_5_10bit/model_trial_065.h5,/home/youeric/PixelML/SmartpixReal/Muon_Collider_Smart_Pixels/eric/model2_5_10bit/hls_outputs/hls_model_trial_065,/home/youeric/PixelML/SmartpixReal/Muon_Collider_Smart_Pixels/eric/model2_5_10bit/hls_outputs/hls_model_trial_065.tar.gz,69168,69168,53200,130.02,49657,49657,106400,46.67,0,0,140,0.0,220,220,220,100.0,,,,,143.88,model2_5_10bit,model2_5_10bit_065,118825
079,1523,0.960994683413298,0.861602885641635,0.8924354706552862,0.8652601280155772,0.8333862448260119,model_trial_079,,/home/youeric/PixelML/SmartpixReal/Muon_Collider_Smart_Pixels/eric/model2_5_10bit/model_trial_079.h5,/home/youeric/PixelML/SmartpixReal/Muon_Collider_Smart_Pixels/eric/model2_5_10bit/hls_outputs/hls_model_trial_079,/home/youeric/PixelML/SmartpixReal/Muon_Collider_Smart_Pixels/eric/model2_5_10bit/hls_outputs/hls_model_trial_079.tar.gz,65289,65289,53200,122.72,48460,48460,106400,45.55,0,0,140,0.0,220,220,220,100.0,,,,,143.88,model2_5_10bit,model2_5_10bit_079,113749
021,1599,0.957248915296542,0.8597476575326313,0.8886591018349705,0.8630076101844041,0.8338821011002567,model_trial_021,,/home/youeric/PixelML/SmartpixReal/Muon_Collider_Smart_Pixels/eric/model2_5_10bit/model_trial_021.h5,/home/youeric/PixelML/SmartpixReal/Muon_Collider_Smart_Pixels/eric/model2_5_10bit/hls_outputs/hls_model_trial_021,/home/youeric/PixelML/SmartpixReal/Muon_Collider_Smart_Pixels/eric/model2_5_10bit/hls_outputs/hls_model_trial_021.tar.gz,71705,71705,53200,134.78,51950,51950,106400,48.83,0,0,140,0.0,220,220,220,100.0,,,,,143.88,model2_5_10bit,model2_5_10bit_021,123655
064,863,0.9574646024691922,0.8534345605776121,0.8858623515076752,0.857253863294844,0.8238531056022689,model_trial_064,,/home/youeric/PixelML/SmartpixReal/Muon_Collider_Smart_Pixels/eric/model2_5_10bit/model_trial_064.h5,/home/youeric/PixelML/SmartpixReal/Muon_Collider_Smart_Pixels/eric/model2_5_10bit/hls_outputs/hls_model_trial_064,/home/youeric/PixelML/SmartpixReal/Muon_Collider_Smart_Pixels/eric/model2_5_10bit/hls_outputs/hls_model_trial_064.tar.gz,33439,33439,53200,62.86,26262,26262,106400,24.68,0,0,140,0.0,220,220,220,100.0,,,,,143.88,model2_5_10bit,model2_5_10bit_064,59701
070,1489,0.9591467429718036,0.8498541154559005,0.8852878838728794,0.8529665206309469,0.8212438131347489,model_trial_070,,/home/youeric/PixelML/SmartpixReal/Muon_Collider_Smart_Pixels/eric/model2_5_10bit/model_trial_070.h5,/home/youeric/PixelML/SmartpixReal/Muon_Collider_Smart_Pixels/eric/model2_5_10bit/hls_outputs/hls_model_trial_070,/home/youeric/PixelML/SmartpixReal/Muon_Collider_Smart_Pixels/eric/model2_5_10bit/hls_outputs/hls_model_trial_070.tar.gz,62917,62917,53200,118.27,47507,47507,106400,44.65,0,0,140,0.0,220,220,220,100.0,,,,,143.88,model2_5_10bit,model2_5_10bit_070,110424
029,819,0.9525116755911116,0.8494864561696313,0.878832681766095,0.853072343616304,0.8222627373080447,model_trial_029,,/home/youeric/PixelML/SmartpixReal/Muon_Collider_Smart_Pixels/eric/model2_5_10bit/model_trial_029.h5,/home/youeric/PixelML/SmartpixReal/Muon_Collider_Smart_Pixels/eric/model2_5_10bit/hls_outputs/hls_model_trial_029,/home/youeric/PixelML/SmartpixReal/Muon_Collider_Smart_Pixels/eric/model2_5_10bit/hls_outputs/hls_model_trial_029.tar.gz,28442,28442,53200,53.46,24075,24075,106400,22.63,0,0,140,0.0,220,220,220,100.0,,,,,143.88,model2_5_10bit,model2_5_10bit_029,52517
110,489,0.9530093835631704,0.8459011734257318,0.8749988661822997,0.8507744730771207,0.814295778267587,model_trial_110,,/home/youeric/PixelML/SmartpixReal/Muon_Collider_Smart_Pixels/eric/model2_5_10bit/model_trial_110.h5,/home/youeric/PixelML/SmartpixReal/Muon_Collider_Smart_Pixels/eric/model2_5_10bit/hls_outputs/hls_model_trial_110,/home/youeric/PixelML/SmartpixReal/Muon_Collider_Smart_Pixels/eric/model2_5_10bit/hls_outputs/hls_model_trial_110.tar.gz,12977,12977,53200,24.39,13083,13083,106400,12.3,0,0,140,0.0,220,220,220,100.0,,,,,143.88,model2_5_10bit,model2_5_10bit_110,26060
036,419,0.948656628735722,0.8417417253984236,0.8730577702794634,0.8451839959363974,0.8140357560749952,model_trial_036,,/home/youeric/PixelML/SmartpixReal/Muon_Collider_Smart_Pixels/eric/model2_5_10bit/model_trial_036.h5,/home/youeric/PixelML/SmartpixReal/Muon_Collider_Smart_Pixels/eric/model2_5_10bit/hls_outputs/hls_model_trial_036,/home/youeric/PixelML/SmartpixReal/Muon_Collider_Smart_Pixels/eric/model2_5_10bit/hls_outputs/hls_model_trial_036.tar.gz,9659,9659,53200,18.16,10152,10152,106400,9.54,0,0,140,0.0,220,220,220,100.0,,,,,143.88,model2_5_10bit,model2_5_10bit_036,19811
055,489,0.941904374337838,0.8140593394831606,0.8495922791549884,0.8181295938513822,0.7820469793584708,model_trial_055,,/home/youeric/PixelML/SmartpixReal/Muon_Collider_Smart_Pixels/eric/model2_5_10bit/model_trial_055.h5,/home/youeric/PixelML/SmartpixReal/Muon_Collider_Smart_Pixels/eric/model2_5_10bit/hls_outputs/hls_model_trial_055,/home/youeric/PixelML/SmartpixReal/Muon_Collider_Smart_Pixels/eric/model2_5_10bit/hls_outputs/hls_model_trial_055.tar.gz,13799,13799,53200,25.94,13239,13239,106400,12.44,0,0,140,0.0,220,220,220,100.0,,,,,143.88,model2_5_10bit,model2_5_10bit_055,27038
096,419,0.9297897580490212,0.8049358863884429,0.8412987806168573,0.809319074441935,0.7714132810870137,model_trial_096,,/home/youeric/PixelML/SmartpixReal/Muon_Collider_Smart_Pixels/eric/model2_5_10bit/model_trial_096.h5,/home/youeric/PixelML/SmartpixReal/Muon_Collider_Smart_Pixels/eric/model2_5_10bit/hls_outputs/hls_model_trial_096,/home/youeric/PixelML/SmartpixReal/Muon_Collider_Smart_Pixels/eric/model2_5_10bit/hls_outputs/hls_model_trial_096.tar.gz,8956,8956,53200,16.83,10204,10204,106400,9.59,0,0,140,0.0,220,220,220,100.0,,,,,143.88,model2_5_10bit,model2_5_10bit_096,19160
072,363,0.9165440902596144,0.7485113729474121,0.7880426073574187,0.7534657027704458,0.7114056013617907,model_trial_072,,/home/youeric/PixelML/SmartpixReal/Muon_Collider_Smart_Pixels/eric/model2_5_10bit/model_trial_072.h5,/home/youeric/PixelML/SmartpixReal/Muon_Collider_Smart_Pixels/eric/model2_5_10bit/hls_outputs/hls_model_trial_072,/home/youeric/PixelML/SmartpixReal/Muon_Collider_Smart_Pixels/eric/model2_5_10bit/hls_outputs/hls_model_trial_072.tar.gz,7412,7412,53200,13.93,8482,8482,106400,7.97,0,0,140,0.0,220,220,220,100.0,,,,,143.88,model2_5_10bit,model2_5_10bit_072,15894
071,363,0.4775721142930189,0.01961776737689,0.0219688517601386,0.0219688517601386,0.0102134298438959,model_trial_071,,/home/youeric/PixelML/SmartpixReal/Muon_Collider_Smart_Pixels/eric/model2_5_10bit/model_trial_071.h5,/home/youeric/PixelML/SmartpixReal/Muon_Collider_Smart_Pixels/eric/model2_5_10bit/hls_outputs/hls_model_trial_071,/home/youeric/PixelML/SmartpixReal/Muon_Collider_Smart_Pixels/eric/model2_5_10bit/hls_outputs/hls_model_trial_071.tar.gz,7230,7230,53200,13.59,8591,8591,106400,8.07,0,0,140,0.0,220,220,220,100.0,,,,,143.88,model2_5_10bit,model2_5_10bit_071,15821
134,13923,0.9698922212066664,0.8922969937201617,0.9175548238651996,0.8951143039417551,0.869807492872066,model_trial_134,,/home/youeric/PixelML/SmartpixReal/Muon_Collider_Smart_Pixels/eric/model2_5_6bit_new/model_trial_134.h5,/home/youeric/PixelML/SmartpixReal/Muon_Collider_Smart_Pixels/eric/model2_5_6bit_new/hls_outputs/hls_model_trial_134,/home/youeric/PixelML/SmartpixReal/Muon_Collider_Smart_Pixels/eric/model2_5_6bit_new/hls_outputs/hls_model_trial_134.tar.gz,174665,174665,53200,328.32,199137,199137,106400,187.16,0,0,140,0.0,220,220,220,100.0,,,,,232.43,model2_5_6bit_new,model2_5_6bit_new_134,373802
101,15349,0.9694431988185926,0.890841474144421,0.9166054405108528,0.8939895567831022,0.8669412017258217,model_trial_101,,/home/youeric/PixelML/SmartpixReal/Muon_Collider_Smart_Pixels/eric/model2_5_6bit_new/model_trial_101.h5,/home/youeric/PixelML/SmartpixReal/Muon_Collider_Smart_Pixels/eric/model2_5_6bit_new/hls_outputs/hls_model_trial_101,/home/youeric/PixelML/SmartpixReal/Muon_Collider_Smart_Pixels/eric/model2_5_6bit_new/hls_outputs/hls_model_trial_101.tar.gz,185157,185157,53200,348.04,209769,209769,106400,197.15,0,0,140,0.0,220,220,220,100.0,,,,,232.43,model2_5_6bit_new,model2_5_6bit_new_101,394926
118,9901,0.968136062686548,0.8882463921920778,0.9133400455341188,0.8911928064558068,0.8653871155980057,model_trial_118,,/home/youeric/PixelML/SmartpixReal/Muon_Collider_Smart_Pixels/eric/model2_5_6bit_new/model_trial_118.h5,/home/youeric/PixelML/SmartpixReal/Muon_Collider_Smart_Pixels/eric/model2_5_6bit_new/hls_outputs/hls_model_trial_118,/home/youeric/PixelML/SmartpixReal/Muon_Collider_Smart_Pixels/eric/model2_5_6bit_new/hls_outputs/hls_model_trial_118.tar.gz,126061,126061,53200,236.96,150611,150611,106400,141.55,0,0,140,0.0,169,169,220,76.82,,,,,232.43,model2_5_6bit_new,model2_5_6bit_new_118,276672
088,11035,0.9674854279178716,0.8882215993783655,0.9126355668030272,0.891631215966572,0.8640809576073121,model_trial_088,,/home/youeric/PixelML/SmartpixReal/Muon_Collider_Smart_Pixels/eric/model2_5_6bit_new/model_trial_088.h5,/home/youeric/PixelML/SmartpixReal/Muon_Collider_Smart_Pixels/eric/model2_5_6bit_new/hls_outputs/hls_model_trial_088,/home/youeric/PixelML/SmartpixReal/Muon_Collider_Smart_Pixels/eric/model2_5_6bit_new/hls_outputs/hls_model_trial_088.tar.gz,141698,141698,53200,266.35,161185,161185,106400,151.49,0,0,140,0.0,194,194,220,88.18,,,,,232.43,model2_5_6bit_new,model2_5_6bit_new_088,302883
000,9175,0.9674674365655256,0.8872815889170075,0.9127111546497108,0.890137600116103,0.8645707668538222,model_trial_000,,/home/youeric/PixelML/SmartpixReal/Muon_Collider_Smart_Pixels/eric/model2_5_6bit_new/model_trial_000.h5,/home/youeric/PixelML/SmartpixReal/Muon_Collider_Smart_Pixels/eric/model2_5_6bit_new/hls_outputs/hls_model_trial_000,/home/youeric/PixelML/SmartpixReal/Muon_Collider_Smart_Pixels/eric/model2_5_6bit_new/hls_outputs/hls_model_trial_000.tar.gz,120797,120797,53200,227.06,137758,137758,106400,129.47,0,0,140,0.0,153,153,220,69.55,,,,,232.43,model2_5_6bit_new,model2_5_6bit_new_000,258555
075,10363,0.9669975700998548,0.8865003129336853,0.9124178738045782,0.8897657079104193,0.8621126500796696,model_trial_075,,/home/youeric/PixelML/SmartpixReal/Muon_Collider_Smart_Pixels/eric/model2_5_6bit_new/model_trial_075.h5,/home/youeric/PixelML/SmartpixReal/Muon_Collider_Smart_Pixels/eric/model2_5_6bit_new/hls_outputs/hls_model_trial_075,/home/youeric/PixelML/SmartpixReal/Muon_Collider_Smart_Pixels/eric/model2_5_6bit_new/hls_outputs/hls_model_trial_075.tar.gz,134319,134319,53200,252.48,152752,152752,106400,143.56,0,0,140,0.0,199,199,220,90.45,,,,,232.43,model2_5_6bit_new,model2_5_6bit_new_075,287071
009,9599,0.9667285731288698,0.8853114672810447,0.9118645707668538,0.8889281945691644,0.8593763700297211,model_trial_009,,/home/youeric/PixelML/SmartpixReal/Muon_Collider_Smart_Pixels/eric/model2_5_6bit_new/model_trial_009.h5,/home/youeric/PixelML/SmartpixReal/Muon_Collider_Smart_Pixels/eric/model2_5_6bit_new/hls_outputs/hls_model_trial_009,/home/youeric/PixelML/SmartpixReal/Muon_Collider_Smart_Pixels/eric/model2_5_6bit_new/hls_outputs/hls_model_trial_009.tar.gz,128590,128590,53200,241.71,146372,146372,106400,137.57,0,0,140,0.0,220,220,220,100.0,,,,,232.43,model2_5_6bit_new,model2_5_6bit_new_009,274962
067,9561,0.9665638915046156,0.8841208075200837,0.9100746505573848,0.887343873302675,0.8598631557623639,model_trial_067,,/home/youeric/PixelML/SmartpixReal/Muon_Collider_Smart_Pixels/eric/model2_5_6bit_new/model_trial_067.h5,/home/youeric/PixelML/SmartpixReal/Muon_Collider_Smart_Pixels/eric/model2_5_6bit_new/hls_outputs/hls_model_trial_067,/home/youeric/PixelML/SmartpixReal/Muon_Collider_Smart_Pixels/eric/model2_5_6bit_new/hls_outputs/hls_model_trial_067.tar.gz,122958,122958,53200,231.12,145074,145074,106400,136.35,0,0,140,0.0,205,205,220,93.18,,,,,232.43,model2_5_6bit_new,model2_5_6bit_new_067,268032
155,9525,0.965952664482582,0.8839112780090767,0.9103346727499766,0.8875585427872565,0.8579341539149969,model_trial_155,,/home/youeric/PixelML/SmartpixReal/Muon_Collider_Smart_Pixels/eric/model2_5_6bit_new/model_trial_155.h5,/home/youeric/PixelML/SmartpixReal/Muon_Collider_Smart_Pixels/eric/model2_5_6bit_new/hls_outputs/hls_model_trial_155,/home/youeric/PixelML/SmartpixReal/Muon_Collider_Smart_Pixels/eric/model2_5_6bit_new/hls_outputs/hls_model_trial_155.tar.gz,128974,128974,53200,242.43,146209,146209,106400,137.41,0,0,140,0.0,220,220,220,100.0,,,,,232.43,model2_5_6bit_new,model2_5_6bit_new_155,275183
145,8753,0.9648506388924668,0.8833238092646511,0.9109121638986396,0.8864579837395424,0.8585600212855377,model_trial_145,,/home/youeric/PixelML/SmartpixReal/Muon_Collider_Smart_Pixels/eric/model2_5_6bit_new/model_trial_145.h5,/home/youeric/PixelML/SmartpixReal/Muon_Collider_Smart_Pixels/eric/model2_5_6bit_new/hls_outputs/hls_model_trial_145,/home/youeric/PixelML/SmartpixReal/Muon_Collider_Smart_Pixels/eric/model2_5_6bit_new/hls_outputs/hls_model_trial_145.tar.gz,120222,120222,53200,225.98,144735,144735,106400,136.03,0,0,140,0.0,220,220,220,100.0,,,,,232.43,model2_5_6bit_new,model2_5_6bit_new_145,264957
043,8179,0.9662415924097,0.8822873487109248,0.9094639007561808,0.8854753417326549,0.8575410971122419,model_trial_043,,/home/youeric/PixelML/SmartpixReal/Muon_Collider_Smart_Pixels/eric/model2_5_6bit_new/model_trial_043.h5,/home/youeric/PixelML/SmartpixReal/Muon_Collider_Smart_Pixels/eric/model2_5_6bit_new/hls_outputs/hls_model_trial_043,/home/youeric/PixelML/SmartpixReal/Muon_Collider_Smart_Pixels/eric/model2_5_6bit_new/hls_outputs/hls_model_trial_043.tar.gz,110405,110405,53200,207.53,123474,123474,106400,116.05,0,0,140,0.0,149,149,220,67.73,,,,,232.43,model2_5_6bit_new,model2_5_6bit_new_043,233879
130,7913,0.9655268508711128,0.8821095660955249,0.9088954801491196,0.8852213665677977,0.8578253074157725,model_trial_130,,/home/youeric/PixelML/SmartpixReal/Muon_Collider_Smart_Pixels/eric/model2_5_6bit_new/model_trial_130.h5,/home/youeric/PixelML/SmartpixReal/Muon_Collider_Smart_Pixels/eric/model2_5_6bit_new/hls_outputs/hls_model_trial_130,/home/youeric/PixelML/SmartpixReal/Muon_Collider_Smart_Pixels/eric/model2_5_6bit_new/hls_outputs/hls_model_trial_130.tar.gz,110402,110402,53200,207.52,123577,123577,106400,116.14,0,0,140,0.0,217,217,220,98.64,,,,,232.43,model2_5_6bit_new,model2_5_6bit_new_130,233979
068,4823,0.96555408284063,0.8819611115646382,0.908626387414926,0.8850520497912264,0.8578101898464358,model_trial_068,,/home/youeric/PixelML/SmartpixReal/Muon_Collider_Smart_Pixels/eric/model2_5_6bit_new/model_trial_068.h5,/home/youeric/PixelML/SmartpixReal/Muon_Collider_Smart_Pixels/eric/model2_5_6bit_new/hls_outputs/hls_model_trial_068,/home/youeric/PixelML/SmartpixReal/Muon_Collider_Smart_Pixels/eric/model2_5_6bit_new/hls_outputs/hls_model_trial_068.tar.gz,70518,70518,53200,132.55,85352,85352,106400,80.22,0,0,140,0.0,185,185,220,84.09,,,,,232.43,model2_5_6bit_new,model2_5_6bit_new_068,155870
006,7729,0.964706134623434,0.8812085589630556,0.9060322125167428,0.8842145364499714,0.858275810982007,model_trial_006,,/home/youeric/PixelML/SmartpixReal/Muon_Collider_Smart_Pixels/eric/model2_5_6bit_new/model_trial_006.h5,/home/youeric/PixelML/SmartpixReal/Muon_Collider_Smart_Pixels/eric/model2_5_6bit_new/hls_outputs/hls_model_trial_006,/home/youeric/PixelML/SmartpixReal/Muon_Collider_Smart_Pixels/eric/model2_5_6bit_new/hls_outputs/hls_model_trial_006.tar.gz,103773,103773,53200,195.06,123251,123251,106400,115.84,0,0,140,0.0,166,166,220,75.45,,,,,232.43,model2_5_6bit_new,model2_5_6bit_new_006,227024
140,4855,0.9623830080793776,0.8805104296110854,0.9085205644295689,0.8839424202019103,0.8544933951339568,model_trial_140,,/home/youeric/PixelML/SmartpixReal/Muon_Collider_Smart_Pixels/eric/model2_5_6bit_new/model_trial_140.h5,/home/youeric/PixelML/SmartpixReal/Muon_Collider_Smart_Pixels/eric/model2_5_6bit_new/hls_outputs/hls_model_trial_140,/home/youeric/PixelML/SmartpixReal/Muon_Collider_Smart_Pixels/eric/model2_5_6bit_new/hls_outputs/hls_model_trial_140.tar.gz,70563,70563,53200,132.64,83398,83398,106400,78.38,0,0,140,0.0,144,144,220,65.45,,,,,232.43,model2_5_6bit_new,model2_5_6bit_new_140,153961
157,3291,0.9612533587137922,0.8767138032478585,0.9042634569043452,0.8801902394925334,0.8507714495632535,model_trial_157,,/home/youeric/PixelML/SmartpixReal/Muon_Collider_Smart_Pixels/eric/model2_5_6bit_new/model_trial_157.h5,/home/youeric/PixelML/SmartpixReal/Muon_Collider_Smart_Pixels/eric/model2_5_6bit_new/hls_outputs/hls_model_trial_157,/home/youeric/PixelML/SmartpixReal/Muon_Collider_Smart_Pixels/eric/model2_5_6bit_new/hls_outputs/hls_model_trial_157.tar.gz,53292,53292,53200,100.17,61302,61302,106400,57.61,0,0,140,0.0,180,180,220,81.82,,,,,232.43,model2_5_6bit_new,model2_5_6bit_new_157,114594
147,3773,0.9634855583948352,0.8765478123365412,0.9040729755307024,0.8798032297175131,0.8513912699060594,model_trial_147,,/home/youeric/PixelML/SmartpixReal/Muon_Collider_Smart_Pixels/eric/model2_5_6bit_new/model_trial_147.h5,/home/youeric/PixelML/SmartpixReal/Muon_Collider_Smart_Pixels/eric/model2_5_6bit_new/hls_outputs/hls_model_trial_147,/home/youeric/PixelML/SmartpixReal/Muon_Collider_Smart_Pixels/eric/model2_5_6bit_new/hls_outputs/hls_model_trial_147.tar.gz,60195,60195,53200,113.15,69138,69138,106400,64.98,0,0,140,0.0,213,213,220,96.82,,,,,232.43,model2_5_6bit_new,model2_5_6bit_new_147,129333
005,3261,0.9621488954135118,0.8721138292500779,0.899749350700397,0.8752649354026262,0.8472671969909991,model_trial_005,,/home/youeric/PixelML/SmartpixReal/Muon_Collider_Smart_Pixels/eric/model2_5_6bit_new/model_trial_005.h5,/home/youeric/PixelML/SmartpixReal/Muon_Collider_Smart_Pixels/eric/model2_5_6bit_new/hls_outputs/hls_model_trial_005,/home/youeric/PixelML/SmartpixReal/Muon_Collider_Smart_Pixels/eric/model2_5_6bit_new/hls_outputs/hls_model_trial_005.tar.gz,52602,52602,53200,98.88,61744,61744,106400,58.03,0,0,140,0.0,163,163,220,74.09,,,,,232.43,model2_5_6bit_new,model2_5_6bit_new_005,114346
092,3321,0.9582918344088638,0.8716802573615003,0.8989723076364889,0.8748930431969426,0.8467894817999583,model_trial_092,,/home/youeric/PixelML/SmartpixReal/Muon_Collider_Smart_Pixels/eric/model2_5_6bit_new/model_trial_092.h5,/home/youeric/PixelML/SmartpixReal/Muon_Collider_Smart_Pixels/eric/model2_5_6bit_new/hls_outputs/hls_model_trial_092,/home/youeric/PixelML/SmartpixReal/Muon_Collider_Smart_Pixels/eric/model2_5_6bit_new/hls_outputs/hls_model_trial_092.tar.gz,52835,52835,53200,99.31,60858,60858,106400,57.2,0,0,140,0.0,107,107,220,48.64,,,,,232.43,model2_5_6bit_new,model2_5_6bit_new_092,113693
003,2905,0.9590681490443528,0.8708977719726312,0.9009224740809274,0.8744909158525855,0.8433094173386426,model_trial_003,,/home/youeric/PixelML/SmartpixReal/Muon_Collider_Smart_Pixels/eric/model2_5_6bit_new/model_trial_003.h5,/home/youeric/PixelML/SmartpixReal/Muon_Collider_Smart_Pixels/eric/model2_5_6bit_new/hls_outputs/hls_model_trial_003,/home/youeric/PixelML/SmartpixReal/Muon_Collider_Smart_Pixels/eric/model2_5_6bit_new/hls_outputs/hls_model_trial_003.tar.gz,49278,49278,53200,92.63,54215,54215,106400,50.95,0,0,140,0.0,141,141,220,64.09,,,,,232.43,model2_5_6bit_new,model2_5_6bit_new_003,103493
039,3225,0.9627965742067282,0.8676877072996695,0.8977780196588871,0.8705270891724946,0.8427047145651734,model_trial_039,,/home/youeric/PixelML/SmartpixReal/Muon_Collider_Smart_Pixels/eric/model2_5_6bit_new/model_trial_039.h5,/home/youeric/PixelML/SmartpixReal/Muon_Collider_Smart_Pixels/eric/model2_5_6bit_new/hls_outputs/hls_model_trial_039,/home/youeric/PixelML/SmartpixReal/Muon_Collider_Smart_Pixels/eric/model2_5_6bit_new/hls_outputs/hls_model_trial_039.tar.gz,51896,51896,53200,97.55,58481,58481,106400,54.96,0,0,140,0.0,149,149,220,67.73,,,,,232.43,model2_5_6bit_new,model2_5_6bit_new_039,110377
108,2271,0.9593861849829788,0.8665544943021881,0.8959246056582039,0.8696835288035049,0.8409178178695716,model_trial_108,,/home/youeric/PixelML/SmartpixReal/Muon_Collider_Smart_Pixels/eric/model2_5_6bit_new/model_trial_108.h5,/home/youeric/PixelML/SmartpixReal/Muon_Collider_Smart_Pixels/eric/model2_5_6bit_new/hls_outputs/hls_model_trial_108,/home/youeric/PixelML/SmartpixReal/Muon_Collider_Smart_Pixels/eric/model2_5_6bit_new/hls_outputs/hls_model_trial_108.tar.gz,39163,39163,53200,73.61,44650,44650,106400,41.96,0,0,140,0.0,103,103,220,46.82,,,,,232.43,model2_5_6bit_new,model2_5_6bit_new_108,83813
153,1981,0.961219207247932,0.8655515947523893,0.8960334521574284,0.868785545184903,0.838991839536072,model_trial_153,,/home/youeric/PixelML/SmartpixReal/Muon_Collider_Smart_Pixels/eric/model2_5_6bit_new/model_trial_153.h5,/home/youeric/PixelML/SmartpixReal/Muon_Collider_Smart_Pixels/eric/model2_5_6bit_new/hls_outputs/hls_model_trial_153,/home/youeric/PixelML/SmartpixReal/Muon_Collider_Smart_Pixels/eric/model2_5_6bit_new/hls_outputs/hls_model_trial_153.tar.gz,34652,34652,53200,65.14,40790,40790,106400,38.34,0,0,140,0.0,128,128,220,58.18,,,,,232.43,model2_5_6bit_new,model2_5_6bit_new_153,75442
069,2667,0.961109962351635,0.8635530520860734,0.8924415176830208,0.867092377419189,0.836721180621695,model_trial_069,,/home/youeric/PixelML/SmartpixReal/Muon_Collider_Smart_Pixels/eric/model2_5_6bit_new/model_trial_069.h5,/home/youeric/PixelML/SmartpixReal/Muon_Collider_Smart_Pixels/eric/model2_5_6bit_new/hls_outputs/hls_model_trial_069,/home/youeric/PixelML/SmartpixReal/Muon_Collider_Smart_Pixels/eric/model2_5_6bit_new/hls_outputs/hls_model_trial_069.tar.gz,43604,43604,53200,81.96,50660,50660,106400,47.61,0,0,140,0.0,118,118,220,53.64,,,,,232.43,model2_5_6bit_new,model2_5_6bit_new_069,94264
127,1897,0.9554192770001676,0.8611227516395004,0.8862251731717568,0.8639539700248835,0.8386622765245313,model_trial_127,,/home/youeric/PixelML/SmartpixReal/Muon_Collider_Smart_Pixels/eric/model2_5_6bit_new/model_trial_127.h5,/home/youeric/PixelML/SmartpixReal/Muon_Collider_Smart_Pixels/eric/model2_5_6bit_new/hls_outputs/hls_model_trial_127,/home/youeric/PixelML/SmartpixReal/Muon_Collider_Smart_Pixels/eric/model2_5_6bit_new/hls_outputs/hls_model_trial_127.tar.gz,33930,33930,53200,63.78,38693,38693,106400,36.37,0,0,140,0.0,140,140,220,63.64,,,,,232.43,model2_5_6bit_new,model2_5_6bit_new_127,72623
081,1683,0.9565474709852896,0.8604170635028618,0.8876250600923381,0.8632373972383225,0.8369418971340112,model_trial_081,,/home/youeric/PixelML/SmartpixReal/Muon_Collider_Smart_Pixels/eric/model2_5_6bit_new/model_trial_081.h5,/home/youeric/PixelML/SmartpixReal/Muon_Collider_Smart_Pixels/eric/model2_5_6bit_new/hls_outputs/hls_model_trial_081,/home/youeric/PixelML/SmartpixReal/Muon_Collider_Smart_Pixels/eric/model2_5_6bit_new/hls_outputs/hls_model_trial_081.tar.gz,30173,30173,53200,56.72,35166,35166,106400,33.05,0,0,140,0.0,127,127,220,57.73,,,,,232.43,model2_5_6bit_new,model2_5_6bit_new_081,65339
026,1727,0.9571535441814274,0.8601727635823802,0.8900529417278172,0.8627868936720878,0.8360832191956848,model_trial_026,,/home/youeric/PixelML/SmartpixReal/Muon_Collider_Smart_Pixels/eric/model2_5_6bit_new/model_trial_026.h5,/home/youeric/PixelML/SmartpixReal/Muon_Collider_Smart_Pixels/eric/model2_5_6bit_new/hls_outputs/hls_model_trial_026,/home/youeric/PixelML/SmartpixReal/Muon_Collider_Smart_Pixels/eric/model2_5_6bit_new/hls_outputs/hls_model_trial_026.tar.gz,31558,31558,53200,59.32,35232,35232,106400,33.11,0,0,140,0.0,135,135,220,61.36,,,,,232.43,model2_5_6bit_new,model2_5_6bit_new_026,66790
021,1599,0.9552511196801576,0.8574945349986847,0.8858381633967364,0.8607611393809658,0.8318896054616755,model_trial_021,,/home/youeric/PixelML/SmartpixReal/Muon_Collider_Smart_Pixels/eric/model2_5_6bit_new/model_trial_021.h5,/home/youeric/PixelML/SmartpixReal/Muon_Collider_Smart_Pixels/eric/model2_5_6bit_new/hls_outputs/hls_model_trial_021,/home/youeric/PixelML/SmartpixReal/Muon_Collider_Smart_Pixels/eric/model2_5_6bit_new/hls_outputs/hls_model_trial_021.tar.gz,29085,29085,53200,54.67,32856,32856,106400,30.88,0,0,140,0.0,114,114,220,51.82,,,,,232.43,model2_5_6bit_new,model2_5_6bit_new_021,61941
064,863,0.9489267426866562,0.8503076425360024,0.8774600064703196,0.853525870696406,0.8254676620074318,model_trial_064,,/home/youeric/PixelML/SmartpixReal/Muon_Collider_Smart_Pixels/eric/model2_5_6bit_new/model_trial_064.h5,/home/youeric/PixelML/SmartpixReal/Muon_Collider_Smart_Pixels/eric/model2_5_6bit_new/hls_outputs/hls_model_trial_064,/home/youeric/PixelML/SmartpixReal/Muon_Collider_Smart_Pixels/eric/model2_5_6bit_new/hls_outputs/hls_model_trial_064.tar.gz,16673,16673,53200,31.34,19432,19432,106400,18.26,0,0,140,0.0,69,69,220,31.36,,,,,232.43,model2_5_6bit_new,model2_5_6bit_new_064,36105
079,1523,0.9538420420603092,0.8461663355918981,0.8764471293247587,0.8492022458661006,0.8204002527657593,model_trial_079,,/home/youeric/PixelML/SmartpixReal/Muon_Collider_Smart_Pixels/eric/model2_5_6bit_new/model_trial_079.h5,/home/youeric/PixelML/SmartpixReal/Muon_Collider_Smart_Pixels/eric/model2_5_6bit_new/hls_outputs/hls_model_trial_079,/home/youeric/PixelML/SmartpixReal/Muon_Collider_Smart_Pixels/eric/model2_5_6bit_new/hls_outputs/hls_model_trial_079.tar.gz,27805,27805,53200,52.27,31311,31311,106400,29.43,0,0,140,0.0,76,76,220,34.55,,,,,232.43,model2_5_6bit_new,model2_5_6bit_new_079,59116
070,1489,0.9397891504747684,0.8254344033548909,0.8563407621069055,0.8281737069187067,0.8003936615055285,model_trial_070,,/home/youeric/PixelML/SmartpixReal/Muon_Collider_Smart_Pixels/eric/model2_5_6bit_new/model_trial_070.h5,/home/youeric/PixelML/SmartpixReal/Muon_Collider_Smart_Pixels/eric/model2_5_6bit_new/hls_outputs/hls_model_trial_070,/home/youeric/PixelML/SmartpixReal/Muon_Collider_Smart_Pixels/eric/model2_5_6bit_new/hls_outputs/hls_model_trial_070.tar.gz,26744,26744,53200,50.27,30323,30323,106400,28.5,0,0,140,0.0,73,73,220,33.18,,,,,232.43,model2_5_6bit_new,model2_5_6bit_new_070,57067
029,819,0.9229526624209876,0.8037542971690841,0.8321012514323897,0.8072509909566701,0.7773423917808799,model_trial_029,,/home/youeric/PixelML/SmartpixReal/Muon_Collider_Smart_Pixels/eric/model2_5_6bit_new/model_trial_029.h5,/home/youeric/PixelML/SmartpixReal/Muon_Collider_Smart_Pixels/eric/model2_5_6bit_new/hls_outputs/hls_model_trial_029,/home/youeric/PixelML/SmartpixReal/Muon_Collider_Smart_Pixels/eric/model2_5_6bit_new/hls_outputs/hls_model_trial_029.tar.gz,15817,15817,53200,29.73,17841,17841,106400,16.77,0,0,140,0.0,80,80,220,36.36,,,,,232.43,model2_5_6bit_new,model2_5_6bit_new_029,33658
141,885,0.9375087247232212,0.8027586540525669,0.8414499563102247,0.8065162770869049,0.7702613223035547,model_trial_141,,/home/youeric/PixelML/SmartpixReal/Muon_Collider_Smart_Pixels/eric/model2_5_6bit_new/model_trial_141.h5,/home/youeric/PixelML/SmartpixReal/Muon_Collider_Smart_Pixels/eric/model2_5_6bit_new/hls_outputs/hls_model_trial_141,/home/youeric/PixelML/SmartpixReal/Muon_Collider_Smart_Pixels/eric/model2_5_6bit_new/hls_outputs/hls_model_trial_141.tar.gz,17674,17674,53200,33.22,20070,20070,106400,18.86,0,0,140,0.0,36,36,220,16.36,,,,,232.43,model2_5_6bit_new,model2_5_6bit_new_141,37744
048,433,0.9323231280265554,0.7894715200111264,0.8319803108776959,0.7959037434125191,0.7457043426729677,model_trial_048,,/home/youeric/PixelML/SmartpixReal/Muon_Collider_Smart_Pixels/eric/model2_5_6bit_new/model_trial_048.h5,/home/youeric/PixelML/SmartpixReal/Muon_Collider_Smart_Pixels/eric/model2_5_6bit_new/hls_outputs/hls_model_trial_048,/home/youeric/PixelML/SmartpixReal/Muon_Collider_Smart_Pixels/eric/model2_5_6bit_new/hls_outputs/hls_model_trial_048.tar.gz,8940,8940,53200,16.8,10621,10621,106400,9.98,0,0,140,0.0,37,37,220,16.82,,,,,232.43,model2_5_6bit_new,model2_5_6bit_new_048,19561
072,363,0.913192935098903,0.7855977940442823,0.81763071406327,0.7903525719520712,0.7529396113575275,model_trial_072,,/home/youeric/PixelML/SmartpixReal/Muon_Collider_Smart_Pixels/eric/model2_5_6bit_new/model_trial_072.h5,/home/youeric/PixelML/SmartpixReal/Muon_Collider_Smart_Pixels/eric/model2_5_6bit_new/hls_outputs/hls_model_trial_072,/home/youeric/PixelML/SmartpixReal/Muon_Collider_Smart_Pixels/eric/model2_5_6bit_new/hls_outputs/hls_model_trial_072.tar.gz,7779,7779,53200,14.62,9371,9371,106400,8.81,0,0,140,0.0,33,33,220,15.0,,,,,232.43,model2_5_6bit_new,model2_5_6bit_new_072,17150
036,419,0.9264344290046672,0.740262320063131,0.7935060969157135,0.7418493624921011,0.7080857831354443,model_trial_036,,/home/youeric/PixelML/SmartpixReal/Muon_Collider_Smart_Pixels/eric/model2_5_6bit_new/model_trial_036.h5,/home/youeric/PixelML/SmartpixReal/Muon_Collider_Smart_Pixels/eric/model2_5_6bit_new/hls_outputs/hls_model_trial_036,/home/youeric/PixelML/SmartpixReal/Muon_Collider_Smart_Pixels/eric/model2_5_6bit_new/hls_outputs/hls_model_trial_036.tar.gz,8474,8474,53200,15.93,10298,10298,106400,9.68,0,0,140,0.0,43,43,220,19.55,,,,,232.43,model2_5_6bit_new,model2_5_6bit_new_036,18772
144,391,0.898946046463018,0.7012626193910039,0.7463755627515185,0.7100057144412093,0.6481053150350273,model_trial_144,,/home/youeric/PixelML/SmartpixReal/Muon_Collider_Smart_Pixels/eric/model2_5_6bit_new/model_trial_144.h5,/home/youeric/PixelML/SmartpixReal/Muon_Collider_Smart_Pixels/eric/model2_5_6bit_new/hls_outputs/hls_model_trial_144,/home/youeric/PixelML/SmartpixReal/Muon_Collider_Smart_Pixels/eric/model2_5_6bit_new/hls_outputs/hls_model_trial_144.tar.gz,8323,8323,53200,15.64,10010,10010,106400,9.41,0,0,140,0.0,29,29,220,13.18,,,,,232.43,model2_5_6bit_new,model2_5_6bit_new_144,18333
071,363,0.4992863575374677,0.0,0.0,0.0,0.0,model_trial_071,,/home/youeric/PixelML/SmartpixReal/Muon_Collider_Smart_Pixels/eric/model2_5_6bit_new/model_trial_071.h5,/home/youeric/PixelML/SmartpixReal/Muon_Collider_Smart_Pixels/eric/model2_5_6bit_new/hls_outputs/hls_model_trial_071,/home/youeric/PixelML/SmartpixReal/Muon_Collider_Smart_Pixels/eric/model2_5_6bit_new/hls_outputs/hls_model_trial_071.tar.gz,7855,7855,53200,14.77,8771,8771,106400,8.24,0,0,140,0.0,15,15,220,6.82,,,,,234.04,model2_5_6bit_new,model2_5_6bit_new_071,16626
101,15349,0.9613163402168604,0.8714831242573494,0.8978777956165096,0.8743609047562897,0.8482135568314784,model_trial_101,,/home/youeric/PixelML/SmartpixReal/Muon_Collider_Smart_Pixels/eric/eric_new_smaller_2_23_run/model_trial_101.h5,/home/youeric/PixelML/SmartpixReal/Muon_Collider_Smart_Pixels/eric/eric_new_smaller_2_23_run/hls_outputs/hls_model_trial_101,/home/youeric/PixelML/SmartpixReal/Muon_Collider_Smart_Pixels/eric/eric_new_smaller_2_23_run/hls_outputs/hls_model_trial_101.tar.gz,114814,114814,53200,215.82,133045,133045,106400,125.04,0,0,140,0.0,0,0,220,0.0,,,,,232.43,eric_model_2_5_4bit,eric_model_2_5_4bit_101,247859
119,17739,0.9592055872263364,0.8667401380536431,0.8943705195303878,0.8696291055538926,0.8428135610643979,model_trial_119,,/home/youeric/PixelML/SmartpixReal/Muon_Collider_Smart_Pixels/eric/eric_new_smaller_2_23_run/model_trial_119.h5,/home/youeric/PixelML/SmartpixReal/Muon_Collider_Smart_Pixels/eric/eric_new_smaller_2_23_run/hls_outputs/hls_model_trial_119,/home/youeric/PixelML/SmartpixReal/Muon_Collider_Smart_Pixels/eric/eric_new_smaller_2_23_run/hls_outputs/hls_model_trial_119.tar.gz,116744,116744,53200,219.44,128582,128582,106400,120.85,0,0,140,0.0,3,3,220,1.36,,,,,232.43,eric_model_2_5_4bit,eric_model_2_5_4bit_119,245326
128,15641,0.959060395300582,0.8659262081205535,0.8926138579734596,0.8692814014591478,0.8408392065090207,model_trial_128,,/home/youeric/PixelML/SmartpixReal/Muon_Collider_Smart_Pixels/eric/eric_new_smaller_2_23_run/model_trial_128.h5,/home/youeric/PixelML/SmartpixReal/Muon_Collider_Smart_Pixels/eric/eric_new_smaller_2_23_run/hls_outputs/hls_model_trial_128,/home/youeric/PixelML/SmartpixReal/Muon_Collider_Smart_Pixels/eric/eric_new_smaller_2_23_run/hls_outputs/hls_model_trial_128.tar.gz,110359,110359,53200,207.44,126363,126363,106400,118.76,0,0,140,0.0,0,0,220,0.0,,,,,232.43,eric_model_2_5_4bit,eric_model_2_5_4bit_128,236722
134,13923,0.9579205797911612,0.865529220749771,0.891011395623766,0.8687039103104847,0.8416767198502756,model_trial_134,,/home/youeric/PixelML/SmartpixReal/Muon_Collider_Smart_Pixels/eric/eric_new_smaller_2_23_run/model_trial_134.h5,/home/youeric/PixelML/SmartpixReal/Muon_Collider_Smart_Pixels/eric/eric_new_smaller_2_23_run/hls_outputs/hls_model_trial_134,/home/youeric/PixelML/SmartpixReal/Muon_Collider_Smart_Pixels/eric/eric_new_smaller_2_23_run/hls_outputs/hls_model_trial_134.tar.gz,107719,107719,53200,202.48,126227,126227,106400,118.63,0,0,140,0.0,2,2,220,0.91,,,,,232.43,eric_model_2_5_4bit,eric_model_2_5_4bit_134,233946
118,9901,0.9581779484501822,0.8635155605141184,0.8907060207231641,0.8666751325054952,0.8388618284397762,model_trial_118,,/home/youeric/PixelML/SmartpixReal/Muon_Collider_Smart_Pixels/eric/eric_new_smaller_2_23_run/model_trial_118.h5,/home/youeric/PixelML/SmartpixReal/Muon_Collider_Smart_Pixels/eric/eric_new_smaller_2_23_run/hls_outputs/hls_model_trial_118,/home/youeric/PixelML/SmartpixReal/Muon_Collider_Smart_Pixels/eric/eric_new_smaller_2_23_run/hls_outputs/hls_model_trial_118.tar.gz,77205,77205,53200,145.12,89213,89213,106400,83.85,0,0,140,0.0,0,0,220,0.0,,,,,232.43,eric_model_2_5_4bit,eric_model_2_5_4bit_118,166418
130,7913,0.955255269827542,0.8623312501322787,0.8924989644465005,0.8657015610402097,0.8354513047974095,model_trial_130,,/home/youeric/PixelML/SmartpixReal/Muon_Collider_Smart_Pixels/eric/eric_new_smaller_2_23_run/model_trial_130.h5,/home/youeric/PixelML/SmartpixReal/Muon_Collider_Smart_Pixels/eric/eric_new_smaller_2_23_run/hls_outputs/hls_model_trial_130,/home/youeric/PixelML/SmartpixReal/Muon_Collider_Smart_Pixels/eric/eric_new_smaller_2_23_run/hls_outputs/hls_model_trial_130.tar.gz,70042,70042,53200,131.66,81687,81687,106400,76.77,0,0,140,0.0,1,1,220,0.45,,,,,232.43,eric_model_2_5_4bit,eric_model_2_5_4bit_130,151729
011,10781,0.9530062913087703,0.8623049455616328,0.8901013179496948,0.8648368360741486,0.8395451425737964,model_trial_011,,/home/youeric/PixelML/SmartpixReal/Muon_Collider_Smart_Pixels/eric/eric_new_smaller_2_23_run/model_trial_011.h5,/home/youeric/PixelML/SmartpixReal/Muon_Collider_Smart_Pixels/eric/eric_new_smaller_2_23_run/hls_outputs/hls_model_trial_011,/home/youeric/PixelML/SmartpixReal/Muon_Collider_Smart_Pixels/eric/eric_new_smaller_2_23_run/hls_outputs/hls_model_trial_011.tar.gz,84515,84515,53200,158.86,100526,100526,106400,94.48,0,0,140,0.0,2,2,220,0.91,,,,,232.43,eric_model_2_5_4bit,eric_model_2_5_4bit_011,185041
143,10645,0.957678544498939,0.8588835372693437,0.8884867615445318,0.8619947330388431,0.8331927399385017,model_trial_143,,/home/youeric/PixelML/SmartpixReal/Muon_Collider_Smart_Pixels/eric/eric_new_smaller_2_23_run/model_trial_143.h5,/home/youeric/PixelML/SmartpixReal/Muon_Collider_Smart_Pixels/eric/eric_new_smaller_2_23_run/hls_outputs/hls_model_trial_143,/home/youeric/PixelML/SmartpixReal/Muon_Collider_Smart_Pixels/eric/eric_new_smaller_2_23_run/hls_outputs/hls_model_trial_143.tar.gz,81554,81554,53200,153.3,93323,93323,106400,87.71,0,0,140,0.0,1,1,220,0.45,,,,,232.43,eric_model_2_5_4bit,eric_model_2_5_4bit_143,174877
149,8621,0.9509288485204728,0.8562754542073707,0.881399645039472,0.8589349370050886,0.8344051689993076,model_trial_149,,/home/youeric/PixelML/SmartpixReal/Muon_Collider_Smart_Pixels/eric/eric_new_smaller_2_23_run/model_trial_149.h5,/home/youeric/PixelML/SmartpixReal/Muon_Collider_Smart_Pixels/eric/eric_new_smaller_2_23_run/hls_outputs/hls_model_trial_149,/home/youeric/PixelML/SmartpixReal/Muon_Collider_Smart_Pixels/eric/eric_new_smaller_2_23_run/hls_outputs/hls_model_trial_149.tar.gz,70272,70272,53200,132.09,83313,83313,106400,78.3,0,0,140,0.0,0,0,220,0.0,,,,,232.43,eric_model_2_5_4bit,eric_model_2_5_4bit_149,153585
022,5337,0.9538337123843224,0.854488557511769,0.8862977375045731,0.8572175811284358,0.8290323848570331,model_trial_022,,/home/youeric/PixelML/SmartpixReal/Muon_Collider_Smart_Pixels/eric/eric_new_smaller_2_23_run/model_trial_022.h5,/home/youeric/PixelML/SmartpixReal/Muon_Collider_Smart_Pixels/eric/eric_new_smaller_2_23_run/hls_outputs/hls_model_trial_022,/home/youeric/PixelML/SmartpixReal/Muon_Collider_Smart_Pixels/eric/eric_new_smaller_2_23_run/hls_outputs/hls_model_trial_022.tar.gz,50862,50862,53200,95.61,59944,59944,106400,56.34,0,0,140,0.0,1,1,220,0.45,,,,,232.43,eric_model_2_5_4bit,eric_model_2_5_4bit_022,110806
008,7997,0.9524132539897324,0.8542560492953701,0.8840452196734,0.8567459129651298,0.8306469412621961,model_trial_008,,/home/youeric/PixelML/SmartpixReal/Muon_Collider_Smart_Pixels/eric/eric_new_smaller_2_23_run/model_trial_008.h5,/home/youeric/PixelML/SmartpixReal/Muon_Collider_Smart_Pixels/eric/eric_new_smaller_2_23_run/hls_outputs/hls_model_trial_008,/home/youeric/PixelML/SmartpixReal/Muon_Collider_Smart_Pixels/eric/eric_new_smaller_2_23_run/hls_outputs/hls_model_trial_008.tar.gz,66544,66544,53200,125.08,76820,76820,106400,72.2,0,0,140,0.0,2,2,220,0.91,,,,,232.43,eric_model_2_5_4bit,eric_model_2_5_4bit_008,143364
078,5357,0.9523827105950896,0.8538294314886876,0.8810126352644516,0.8567338189096605,0.8300724736274003,model_trial_078,,/home/youeric/PixelML/SmartpixReal/Muon_Collider_Smart_Pixels/eric/eric_new_smaller_2_23_run/model_trial_078.h5,/home/youeric/PixelML/SmartpixReal/Muon_Collider_Smart_Pixels/eric/eric_new_smaller_2_23_run/hls_outputs/hls_model_trial_078,/home/youeric/PixelML/SmartpixReal/Muon_Collider_Smart_Pixels/eric/eric_new_smaller_2_23_run/hls_outputs/hls_model_trial_078.tar.gz,50175,50175,53200,94.31,60071,60071,106400,56.46,0,0,140,0.0,3,3,220,1.36,,,,,232.43,eric_model_2_5_4bit,eric_model_2_5_4bit_078,110246
147,3773,0.9512424794611832,0.8526547963512234,0.8792559737075234,0.8549801808665995,0.8312153618692573,model_trial_147,,/home/youeric/PixelML/SmartpixReal/Muon_Collider_Smart_Pixels/eric/eric_new_smaller_2_23_run/model_trial_147.h5,/home/youeric/PixelML/SmartpixReal/Muon_Collider_Smart_Pixels/eric/eric_new_smaller_2_23_run/hls_outputs/hls_model_trial_147,/home/youeric/PixelML/SmartpixReal/Muon_Collider_Smart_Pixels/eric/eric_new_smaller_2_23_run/hls_outputs/hls_model_trial_147.tar.gz,38792,38792,53200,72.92,47224,47224,106400,44.38,0,0,140,0.0,4,4,220,1.82,,,,,232.43,eric_model_2_5_4bit,eric_model_2_5_4bit_147,86016
068,4823,0.956051630654058,0.8523297686104838,0.8833528349977777,0.85477458192362,0.8282613888208599,model_trial_068,,/home/youeric/PixelML/SmartpixReal/Muon_Collider_Smart_Pixels/eric/eric_new_smaller_2_23_run/model_trial_068.h5,/home/youeric/PixelML/SmartpixReal/Muon_Collider_Smart_Pixels/eric/eric_new_smaller_2_23_run/hls_outputs/hls_model_trial_068,/home/youeric/PixelML/SmartpixReal/Muon_Collider_Smart_Pixels/eric/eric_new_smaller_2_23_run/hls_outputs/hls_model_trial_068.tar.gz,46166,46166,53200,86.78,52906,52906,106400,49.72,0,0,140,0.0,1,1,220,0.45,,,,,232.43,eric_model_2_5_4bit,eric_model_2_5_4bit_068,99072
005,3261,0.9522487062721638,0.8475952482456061,0.8751077126815242,0.8504509570933148,0.8238440350606668,model_trial_005,,/home/youeric/PixelML/SmartpixReal/Muon_Collider_Smart_Pixels/eric/eric_new_smaller_2_23_run/model_trial_005.h5,/home/youeric/PixelML/SmartpixReal/Muon_Collider_Smart_Pixels/eric/eric_new_smaller_2_23_run/hls_outputs/hls_model_trial_005,/home/youeric/PixelML/SmartpixReal/Muon_Collider_Smart_Pixels/eric/eric_new_smaller_2_23_run/hls_outputs/hls_model_trial_005.tar.gz,35259,35259,53200,66.28,43475,43475,106400,40.86,0,0,140,0.0,2,2,220,0.91,,,,,232.43,eric_model_2_5_4bit,eric_model_2_5_4bit_005,78734
103,3703,0.946778709468748,0.8465560665293992,0.8733177924720552,0.8491901518106313,0.8239559050737586,model_trial_103,,/home/youeric/PixelML/SmartpixReal/Muon_Collider_Smart_Pixels/eric/eric_new_smaller_2_23_run/model_trial_103.h5,/home/youeric/PixelML/SmartpixReal/Muon_Collider_Smart_Pixels/eric/eric_new_smaller_2_23_run/hls_outputs/hls_model_trial_103,/home/youeric/PixelML/SmartpixReal/Muon_Collider_Smart_Pixels/eric/eric_new_smaller_2_23_run/hls_outputs/hls_model_trial_103.tar.gz,37582,37582,53200,70.64,44398,44398,106400,41.73,0,0,140,0.0,2,2,220,0.91,,,,,232.43,eric_model_2_5_4bit,eric_model_2_5_4bit_103,81980
039,3225,0.948832565423509,0.8462645997925871,0.8712527325006576,0.8493624921010701,0.8229279103588609,model_trial_039,,/home/youeric/PixelML/SmartpixReal/Muon_Collider_Smart_Pixels/eric/eric_new_smaller_2_23_run/model_trial_039.h5,/home/youeric/PixelML/SmartpixReal/Muon_Collider_Smart_Pixels/eric/eric_new_smaller_2_23_run/hls_outputs/hls_model_trial_039,/home/youeric/PixelML/SmartpixReal/Muon_Collider_Smart_Pixels/eric/eric_new_smaller_2_23_run/hls_outputs/hls_model_trial_039.tar.gz,33597,33597,53200,63.15,39776,39776,106400,37.38,0,0,140,0.0,1,1,220,0.45,,,,,232.43,eric_model_2_5_4bit,eric_model_2_5_4bit_039,73373
108,2271,0.9477861268727028,0.8456846898328301,0.8700342564121171,0.8483919441496519,0.8240345164343097,model_trial_108,,/home/youeric/PixelML/SmartpixReal/Muon_Collider_Smart_Pixels/eric/eric_new_smaller_2_23_run/model_trial_108.h5,/home/youeric/PixelML/SmartpixReal/Muon_Collider_Smart_Pixels/eric/eric_new_smaller_2_23_run/hls_outputs/hls_model_trial_108,/home/youeric/PixelML/SmartpixReal/Muon_Collider_Smart_Pixels/eric/eric_new_smaller_2_23_run/hls_outputs/hls_model_trial_108.tar.gz,25427,25427,53200,47.8,29519,29519,106400,27.74,0,0,140,0.0,0,0,220,0.0,,,,,232.43,eric_model_2_5_4bit,eric_model_2_5_4bit_108,54946
081,1683,0.946450278845384,0.8453300316561901,0.872416785339586,0.8480381930271723,0.8223080900160549,model_trial_081,,/home/youeric/PixelML/SmartpixReal/Muon_Collider_Smart_Pixels/eric/eric_new_smaller_2_23_run/model_trial_081.h5,/home/youeric/PixelML/SmartpixReal/Muon_Collider_Smart_Pixels/eric/eric_new_smaller_2_23_run/hls_outputs/hls_model_trial_081,/home/youeric/PixelML/SmartpixReal/Muon_Collider_Smart_Pixels/eric/eric_new_smaller_2_23_run/hls_outputs/hls_model_trial_081.tar.gz,21376,21376,53200,40.18,25240,25240,106400,23.72,0,0,140,0.0,1,1,220,0.45,,,,,232.43,eric_model_2_5_4bit,eric_model_2_5_4bit_081,46616
087,2265,0.940907569253552,0.8447664486713168,0.869710740428311,0.8470736921034888,0.8242189507802178,model_trial_087,,/home/youeric/PixelML/SmartpixReal/Muon_Collider_Smart_Pixels/eric/eric_new_smaller_2_23_run/model_trial_087.h5,/home/youeric/PixelML/SmartpixReal/Muon_Collider_Smart_Pixels/eric/eric_new_smaller_2_23_run/hls_outputs/hls_model_trial_087,/home/youeric/PixelML/SmartpixReal/Muon_Collider_Smart_Pixels/eric/eric_new_smaller_2_23_run/hls_outputs/hls_model_trial_087.tar.gz,26279,26279,53200,49.4,32236,32236,106400,30.3,0,0,140,0.0,2,2,220,0.91,,,,,232.43,eric_model_2_5_4bit,eric_model_2_5_4bit_087,58515
021,1599,0.9446128119306684,0.8370069026821592,0.8664151103129034,0.8398595880160005,0.8123184001983426,model_trial_021,,/home/youeric/PixelML/SmartpixReal/Muon_Collider_Smart_Pixels/eric/eric_new_smaller_2_23_run/model_trial_021.h5,/home/youeric/PixelML/SmartpixReal/Muon_Collider_Smart_Pixels/eric/eric_new_smaller_2_23_run/hls_outputs/hls_model_trial_021,/home/youeric/PixelML/SmartpixReal/Muon_Collider_Smart_Pixels/eric/eric_new_smaller_2_23_run/hls_outputs/hls_model_trial_021.tar.gz,20201,20201,53200,37.97,23680,23680,106400,22.26,0,0,140,0.0,2,2,220,0.91,,,,,232.43,eric_model_2_5_4bit,eric_model_2_5_4bit_021,43881
026,1727,0.9382317035935582,0.8337811157370874,0.8605494934102516,0.8373530950199704,0.8078949994104148,model_trial_026,,/home/youeric/PixelML/SmartpixReal/Muon_Collider_Smart_Pixels/eric/eric_new_smaller_2_23_run/model_trial_026.h5,/home/youeric/PixelML/SmartpixReal/Muon_Collider_Smart_Pixels/eric/eric_new_smaller_2_23_run/hls_outputs/hls_model_trial_026,/home/youeric/PixelML/SmartpixReal/Muon_Collider_Smart_Pixels/eric/eric_new_smaller_2_23_run/hls_outputs/hls_model_trial_026.tar.gz,21671,21671,53200,40.73,25386,25386,106400,23.86,0,0,140,0.0,2,2,220,0.91,,,,,232.43,eric_model_2_5_4bit,eric_model_2_5_4bit_026,47057
065,1545,0.9365339912462868,0.8264781203418989,0.8565131023973441,0.8299001333369616,0.7994835838314572,model_trial_065,,/home/youeric/PixelML/SmartpixReal/Muon_Collider_Smart_Pixels/eric/eric_new_smaller_2_23_run/model_trial_065.h5,/home/youeric/PixelML/SmartpixReal/Muon_Collider_Smart_Pixels/eric/eric_new_smaller_2_23_run/hls_outputs/hls_model_trial_065,/home/youeric/PixelML/SmartpixReal/Muon_Collider_Smart_Pixels/eric/eric_new_smaller_2_23_run/hls_outputs/hls_model_trial_065.tar.gz,18617,18617,53200,34.99,21258,21258,106400,19.98,0,0,140,0.0,1,1,220,0.45,,,,,232.43,eric_model_2_5_4bit,eric_model_2_5_4bit_065,39875
079,1523,0.9463287690181555,0.8262691955336653,0.8628715520603736,0.8308676577745124,0.7918733994273465,model_trial_079,,/home/youeric/PixelML/SmartpixReal/Muon_Collider_Smart_Pixels/eric/eric_new_smaller_2_23_run/model_trial_079.h5,/home/youeric/PixelML/SmartpixReal/Muon_Collider_Smart_Pixels/eric/eric_new_smaller_2_23_run/hls_outputs/hls_model_trial_079,/home/youeric/PixelML/SmartpixReal/Muon_Collider_Smart_Pixels/eric/eric_new_smaller_2_23_run/hls_outputs/hls_model_trial_079.tar.gz,18267,18267,53200,34.34,21330,21330,106400,20.05,0,0,140,0.0,2,2,220,0.91,,,,,232.43,eric_model_2_5_4bit,eric_model_2_5_4bit_079,39597
070,1489,0.9361850711722446,0.8194678010890697,0.8481802981789376,0.8225167124729018,0.7944403627007235,model_trial_070,,/home/youeric/PixelML/SmartpixReal/Muon_Collider_Smart_Pixels/eric/eric_new_smaller_2_23_run/model_trial_070.h5,/home/youeric/PixelML/SmartpixReal/Muon_Collider_Smart_Pixels/eric/eric_new_smaller_2_23_run/hls_outputs/hls_model_trial_070,/home/youeric/PixelML/SmartpixReal/Muon_Collider_Smart_Pixels/eric/eric_new_smaller_2_23_run/hls_outputs/hls_model_trial_070.tar.gz,17824,17824,53200,33.5,21093,21093,106400,19.82,0,0,140,0.0,2,2,220,0.91,,,,,232.43,eric_model_2_5_4bit,eric_model_2_5_4bit_070,38917
110,489,0.9241645117557984,0.78793043499294,0.8196534448405248,0.7909754158087446,0.761411497213832,model_trial_110,,/home/youeric/PixelML/SmartpixReal/Muon_Collider_Smart_Pixels/eric/eric_new_smaller_2_23_run/model_trial_110.h5,/home/youeric/PixelML/SmartpixReal/Muon_Collider_Smart_Pixels/eric/eric_new_smaller_2_23_run/hls_outputs/hls_model_trial_110,/home/youeric/PixelML/SmartpixReal/Muon_Collider_Smart_Pixels/eric/eric_new_smaller_2_23_run/hls_outputs/hls_model_trial_110.tar.gz,7923,7923,53200,14.89,8820,8820,106400,8.29,0,0,140,0.0,0,0,220,0.0,,,,,232.43,eric_model_2_5_4bit,eric_model_2_5_4bit_110,16743
029,819,0.9112777364364334,0.7707837854998321,0.7996801122328347,0.7724866285099217,0.7503756715980178,model_trial_029,,/home/youeric/PixelML/SmartpixReal/Muon_Collider_Smart_Pixels/eric/eric_new_smaller_2_23_run/model_trial_029.h5,/home/youeric/PixelML/SmartpixReal/Muon_Collider_Smart_Pixels/eric/eric_new_smaller_2_23_run/hls_outputs/hls_model_trial_029,/home/youeric/PixelML/SmartpixReal/Muon_Collider_Smart_Pixels/eric/eric_new_smaller_2_23_run/hls_outputs/hls_model_trial_029.tar.gz,11314,11314,53200,21.27,12453,12453,106400,11.7,0,0,140,0.0,1,1,220,0.45,,,,,232.43,eric_model_2_5_4bit,eric_model_2_5_4bit_029,23767
048,433,0.898886417261901,0.717409695199567,0.7514066898267828,0.7188253043922586,0.6954565657115386,model_trial_048,,/home/youeric/PixelML/SmartpixReal/Muon_Collider_Smart_Pixels/eric/eric_new_smaller_2_23_run/model_trial_048.h5,/home/youeric/PixelML/SmartpixReal/Muon_Collider_Smart_Pixels/eric/eric_new_smaller_2_23_run/hls_outputs/hls_model_trial_048,/home/youeric/PixelML/SmartpixReal/Muon_Collider_Smart_Pixels/eric/eric_new_smaller_2_23_run/hls_outputs/hls_model_trial_048.tar.gz,6977,6977,53200,13.11,8382,8382,106400,7.88,0,0,140,0.0,3,3,220,1.36,,,,,232.43,eric_model_2_5_4bit,eric_model_2_5_4bit_048,15359
071,363,0.8951028896354924,0.7056373416056673,0.7509773508576197,0.7074266571123629,0.6767047327062565,model_trial_071,,/home/youeric/PixelML/SmartpixReal/Muon_Collider_Smart_Pixels/eric/eric_new_smaller_2_23_run/model_trial_071.h5,/home/youeric/PixelML/SmartpixReal/Muon_Collider_Smart_Pixels/eric/eric_new_smaller_2_23_run/hls_outputs/hls_model_trial_071,/home/youeric/PixelML/SmartpixReal/Muon_Collider_Smart_Pixels/eric/eric_new_smaller_2_23_run/hls_outputs/hls_model_trial_071.tar.gz,6292,6292,53200,11.83,7073,7073,106400,6.65,0,0,140,0.0,0,0,220,0.0,,,,,232.43,eric_model_2_5_4bit,eric_model_2_5_4bit_071,13365
055,489,0.8992817353169091,0.7033899637480687,0.7560387130715576,0.7088567791716176,0.6579317351039031,model_trial_055,,/home/youeric/PixelML/SmartpixReal/Muon_Collider_Smart_Pixels/eric/eric_new_smaller_2_23_run/model_trial_055.h5,/home/youeric/PixelML/SmartpixReal/Muon_Collider_Smart_Pixels/eric/eric_new_smaller_2_23_run/hls_outputs/hls_model_trial_055,/home/youeric/PixelML/SmartpixReal/Muon_Collider_Smart_Pixels/eric/eric_new_smaller_2_23_run/hls_outputs/hls_model_trial_055.tar.gz,6984,6984,53200,13.13,8397,8397,106400,7.89,0,0,140,0.0,3,3,220,1.36,,,,,232.43,eric_model_2_5_4bit,eric_model_2_5_4bit_055,15381
096,419,0.8776592520401969,0.6784302520703511,0.7364584372666225,0.6849589255641121,0.626565802244052,model_trial_096,,/home/youeric/PixelML/SmartpixReal/Muon_Collider_Smart_Pixels/eric/eric_new_smaller_2_23_run/model_trial_096.h5,/home/youeric/PixelML/SmartpixReal/Muon_Collider_Smart_Pixels/eric/eric_new_smaller_2_23_run/hls_outputs/hls_model_trial_096,/home/youeric/PixelML/SmartpixReal/Muon_Collider_Smart_Pixels/eric/eric_new_smaller_2_23_run/hls_outputs/hls_model_trial_096.tar.gz,6695,6695,53200,12.58,7441,7441,106400,6.99,0,0,140,0.0,5,5,220,2.27,,,,,232.43,eric_model_2_5_4bit,eric_model_2_5_4bit_096,14136
144,391,0.8347993806740935,0.5718344565687351,0.6424725087001611,0.5815214926483261,0.5026108042244536,model_trial_144,,/home/youeric/PixelML/SmartpixReal/Muon_Collider_Smart_Pixels/eric/eric_new_smaller_2_23_run/model_trial_144.h5,/home/youeric/PixelML/SmartpixReal/Muon_Collider_Smart_Pixels/eric/eric_new_smaller_2_23_run/hls_outputs/hls_model_trial_144,/home/youeric/PixelML/SmartpixReal/Muon_Collider_Smart_Pixels/eric/eric_new_smaller_2_23_run/hls_outputs/hls_model_trial_144.tar.gz,6399,6399,53200,12.03,7478,7478,106400,7.03,0,0,140,0.0,3,3,220,1.36,,,,,232.43,eric_model_2_5_4bit,eric_model_2_5_4bit_144,13877
072,363,0.570080799505586,0.0260152203688082,0.03005675135529,0.0260868776474643,0.0237436544002709,model_trial_072,,/home/youeric/PixelML/SmartpixReal/Muon_Collider_Smart_Pixels/eric/eric_new_smaller_2_23_run/model_trial_072.h5,/home/youeric/PixelML/SmartpixReal/Muon_Collider_Smart_Pixels/eric/eric_new_smaller_2_23_run/hls_outputs/hls_model_trial_072,/home/youeric/PixelML/SmartpixReal/Muon_Collider_Smart_Pixels/eric/eric_new_smaller_2_23_run/hls_outputs/hls_model_trial_072.tar.gz,5123,5123,53200,9.63,5778,5778,106400,5.43,0,0,140,0.0,0,0,220,0.0,,,,,232.43,eric_model_2_5_4bit,eric_model_2_5_4bit_072,10901
076,3759,0.9644068629487748,0.8856718701340323,0.9137149612536698,0.8891337935121439,0.8595335927508232,model_trial_076,,/home/youeric/PixelML/SmartpixReal/Muon_Collider_Smart_Pixels/eric/model2_5_8_bit/model_trial_076.h5,/home/youeric/PixelML/SmartpixReal/Muon_Collider_Smart_Pixels/eric/model2_5_8_bit/hls_outputs/hls_model_trial_076,/home/youeric/PixelML/SmartpixReal/Muon_Collider_Smart_Pixels/eric/model2_5_8_bit/hls_outputs/hls_model_trial_076.tar.gz,107249,107249,53200,201.6,97824,97824,106400,91.94,0,0,140,0.0,220,220,220,100.0,,,,,229.26,eric_model_2_5_8bit,eric_model_2_5_8bit_076,205073
028,4609,0.9661997421047352,0.8850481192231988,0.9117920064340376,0.8886530548072359,0.8590589010736498,model_trial_028,,/home/youeric/PixelML/SmartpixReal/Muon_Collider_Smart_Pixels/eric/model2_5_8_bit/model_trial_028.h5,/home/youeric/PixelML/SmartpixReal/Muon_Collider_Smart_Pixels/eric/model2_5_8_bit/hls_outputs/hls_model_trial_028,/home/youeric/PixelML/SmartpixReal/Muon_Collider_Smart_Pixels/eric/model2_5_8_bit/hls_outputs/hls_model_trial_028.tar.gz,134837,134837,53200,253.45,121862,121862,106400,114.53,0,0,140,0.0,220,220,220,100.0,,,,,229.26,eric_model_2_5_8bit,eric_model_2_5_8bit_028,256699
090,3857,0.9651923570301766,0.8789037343419775,0.9073383705074364,0.8829053549454104,0.850680744147233,model_trial_090,,/home/youeric/PixelML/SmartpixReal/Muon_Collider_Smart_Pixels/eric/model2_5_8_bit/model_trial_090.h5,/home/youeric/PixelML/SmartpixReal/Muon_Collider_Smart_Pixels/eric/model2_5_8_bit/hls_outputs/hls_model_trial_090,/home/youeric/PixelML/SmartpixReal/Muon_Collider_Smart_Pixels/eric/model2_5_8_bit/hls_outputs/hls_model_trial_090.tar.gz,105076,105076,53200,197.51,95395,95395,106400,89.66,0,0,140,0.0,220,220,220,100.0,,,,,229.26,eric_model_2_5_8bit,eric_model_2_5_8bit_090,200471
111,3565,0.9657065395011858,0.878472581264494,0.9073111588826304,0.8820617945764209,0.8514910458636819,model_trial_111,,/home/youeric/PixelML/SmartpixReal/Muon_Collider_Smart_Pixels/eric/model2_5_8_bit/model_trial_111.h5,/home/youeric/PixelML/SmartpixReal/Muon_Collider_Smart_Pixels/eric/model2_5_8_bit/hls_outputs/hls_model_trial_111,/home/youeric/PixelML/SmartpixReal/Muon_Collider_Smart_Pixels/eric/model2_5_8_bit/hls_outputs/hls_model_trial_111.tar.gz,96195,96195,53200,180.82,90717,90717,106400,85.26,0,0,140,0.0,220,220,220,100.0,,,,,229.26,eric_model_2_5_8bit,eric_model_2_5_8bit_111,186912
014,3703,0.9643054684096296,0.8782621446993266,0.9070329956068344,0.8817715372451556,0.8515938453351717,model_trial_014,,/home/youeric/PixelML/SmartpixReal/Muon_Collider_Smart_Pixels/eric/model2_5_8_bit/model_trial_014.h5,/home/youeric/PixelML/SmartpixReal/Muon_Collider_Smart_Pixels/eric/model2_5_8_bit/hls_outputs/hls_model_trial_014,/home/youeric/PixelML/SmartpixReal/Muon_Collider_Smart_Pixels/eric/model2_5_8_bit/hls_outputs/hls_model_trial_014.tar.gz,105063,105063,53200,197.49,95143,95143,106400,89.42,0,0,140,0.0,220,220,220,100.0,,,,,229.26,eric_model_2_5_8bit,eric_model_2_5_8bit_014,200206
007,3261,0.9652438201768804,0.8780586622160542,0.908163789793222,0.8813089396234516,0.8516301275015798,model_trial_007,,/home/youeric/PixelML/SmartpixReal/Muon_Collider_Smart_Pixels/eric/model2_5_8_bit/model_trial_007.h5,/home/youeric/PixelML/SmartpixReal/Muon_Collider_Smart_Pixels/eric/model2_5_8_bit/hls_outputs/hls_model_trial_007,/home/youeric/PixelML/SmartpixReal/Muon_Collider_Smart_Pixels/eric/model2_5_8_bit/hls_outputs/hls_model_trial_007.tar.gz,97739,97739,53200,183.72,86490,86490,106400,81.29,0,0,140,0.0,220,220,220,100.0,,,,,229.26,eric_model_2_5_8bit,eric_model_2_5_8bit_007,184229
008,3381,0.9653549217577536,0.8779712826652879,0.9054516978542122,0.8805712022398191,0.8551313565599669,model_trial_008,,/home/youeric/PixelML/SmartpixReal/Muon_Collider_Smart_Pixels/eric/model2_5_8_bit/model_trial_008.h5,/home/youeric/PixelML/SmartpixReal/Muon_Collider_Smart_Pixels/eric/model2_5_8_bit/hls_outputs/hls_model_trial_008,/home/youeric/PixelML/SmartpixReal/Muon_Collider_Smart_Pixels/eric/model2_5_8_bit/hls_outputs/hls_model_trial_008.tar.gz,91622,91622,53200,172.22,85160,85160,106400,80.04,0,0,140,0.0,220,220,220,100.0,,,,,229.26,eric_model_2_5_8bit,eric_model_2_5_8bit_008,176782
096,2317,0.9655130250652368,0.8769172857311309,0.9062892111954672,0.8808705301126863,0.8483949676635192,model_trial_096,,/home/youeric/PixelML/SmartpixReal/Muon_Collider_Smart_Pixels/eric/model2_5_8_bit/model_trial_096.h5,/home/youeric/PixelML/SmartpixReal/Muon_Collider_Smart_Pixels/eric/model2_5_8_bit/hls_outputs/hls_model_trial_096,/home/youeric/PixelML/SmartpixReal/Muon_Collider_Smart_Pixels/eric/model2_5_8_bit/hls_outputs/hls_model_trial_096.tar.gz,65126,65126,53200,122.42,59993,59993,106400,56.38,0,0,140,0.0,220,220,220,100.0,,,,,229.26,eric_model_2_5_8bit,eric_model_2_5_8bit_096,125119
119,2713,0.9644845856645924,0.876746457197626,0.9042695039320798,0.8801055811042477,0.8512280001572228,model_trial_119,,/home/youeric/PixelML/SmartpixReal/Muon_Collider_Smart_Pixels/eric/model2_5_8_bit/model_trial_119.h5,/home/youeric/PixelML/SmartpixReal/Muon_Collider_Smart_Pixels/eric/model2_5_8_bit/hls_outputs/hls_model_trial_119,/home/youeric/PixelML/SmartpixReal/Muon_Collider_Smart_Pixels/eric/model2_5_8_bit/hls_outputs/hls_model_trial_119.tar.gz,78353,78353,53200,147.28,71880,71880,106400,67.56,0,0,140,0.0,220,220,220,100.0,,,,,229.26,eric_model_2_5_8bit,eric_model_2_5_8bit_119,150233
017,2369,0.9640061674405976,0.8745326403439551,0.903791788741039,0.8774569829564524,0.849667867001672,model_trial_017,,/home/youeric/PixelML/SmartpixReal/Muon_Collider_Smart_Pixels/eric/model2_5_8_bit/model_trial_017.h5,/home/youeric/PixelML/SmartpixReal/Muon_Collider_Smart_Pixels/eric/model2_5_8_bit/hls_outputs/hls_model_trial_017,/home/youeric/PixelML/SmartpixReal/Muon_Collider_Smart_Pixels/eric/model2_5_8_bit/hls_outputs/hls_model_trial_017.tar.gz,68483,68483,53200,128.73,63868,63868,106400,60.03,0,0,140,0.0,220,220,220,100.0,,,,,229.26,eric_model_2_5_8bit,eric_model_2_5_8bit_017,132351
003,1829,0.9622594649283094,0.8702676716826763,0.9013850717026314,0.8732905808472491,0.8441287895966935,model_trial_003,,/home/youeric/PixelML/SmartpixReal/Muon_Collider_Smart_Pixels/eric/model2_5_8_bit/model_trial_003.h5,/home/youeric/PixelML/SmartpixReal/Muon_Collider_Smart_Pixels/eric/model2_5_8_bit/hls_outputs/hls_model_trial_003,/home/youeric/PixelML/SmartpixReal/Muon_Collider_Smart_Pixels/eric/model2_5_8_bit/hls_outputs/hls_model_trial_003.tar.gz,54118,54118,53200,101.73,50628,50628,106400,47.58,0,0,140,0.0,220,220,220,100.0,,,,,229.26,eric_model_2_5_8bit,eric_model_2_5_8bit_003,104746
031,2167,0.9566527496822036,0.8661182012511301,0.8918882146452964,0.8690606849468315,0.8429345016190917,model_trial_031,,/home/youeric/PixelML/SmartpixReal/Muon_Collider_Smart_Pixels/eric/model2_5_8_bit/model_trial_031.h5,/home/youeric/PixelML/SmartpixReal/Muon_Collider_Smart_Pixels/eric/model2_5_8_bit/hls_outputs/hls_model_trial_031,/home/youeric/PixelML/SmartpixReal/Muon_Collider_Smart_Pixels/eric/model2_5_8_bit/hls_outputs/hls_model_trial_031.tar.gz,61682,61682,53200,115.94,56332,56332,106400,52.94,0,0,140,0.0,220,220,220,100.0,,,,,229.26,eric_model_2_5_8bit,eric_model_2_5_8bit_031,118014
022,1525,0.9613294458812108,0.8651038123486353,0.8941467795042042,0.8686252989499337,0.8382571256663068,model_trial_022,,/home/youeric/PixelML/SmartpixReal/Muon_Collider_Smart_Pixels/eric/model2_5_8_bit/model_trial_022.h5,/home/youeric/PixelML/SmartpixReal/Muon_Collider_Smart_Pixels/eric/model2_5_8_bit/hls_outputs/hls_model_trial_022,/home/youeric/PixelML/SmartpixReal/Muon_Collider_Smart_Pixels/eric/model2_5_8_bit/hls_outputs/hls_model_trial_022.tar.gz,42773,42773,53200,80.4,40288,40288,106400,37.86,0,0,140,0.0,220,220,220,100.0,,,,,229.26,eric_model_2_5_8bit,eric_model_2_5_8bit_022,83061
071,1589,0.9589211742527336,0.863928270157011,0.8907634674866436,0.8668202611711279,0.8403887029427861,model_trial_071,,/home/youeric/PixelML/SmartpixReal/Muon_Collider_Smart_Pixels/eric/model2_5_8_bit/model_trial_071.h5,/home/youeric/PixelML/SmartpixReal/Muon_Collider_Smart_Pixels/eric/model2_5_8_bit/hls_outputs/hls_model_trial_071,/home/youeric/PixelML/SmartpixReal/Muon_Collider_Smart_Pixels/eric/model2_5_8_bit/hls_outputs/hls_model_trial_071.tar.gz,46851,46851,53200,88.07,43526,43526,106400,40.91,0,0,140,0.0,220,220,220,100.0,,,,,229.26,eric_model_2_5_8bit,eric_model_2_5_8bit_071,90377
068,1339,0.9578604389281004,0.8608633341496821,0.8879364820206748,0.8640688635518426,0.8361074073066236,model_trial_068,,/home/youeric/PixelML/SmartpixReal/Muon_Collider_Smart_Pixels/eric/model2_5_8_bit/model_trial_068.h5,/home/youeric/PixelML/SmartpixReal/Muon_Collider_Smart_Pixels/eric/model2_5_8_bit/hls_outputs/hls_model_trial_068,/home/youeric/PixelML/SmartpixReal/Muon_Collider_Smart_Pixels/eric/model2_5_8_bit/hls_outputs/hls_model_trial_068.tar.gz,35696,35696,53200,67.1,34282,34282,106400,32.22,0,0,140,0.0,220,220,220,100.0,,,,,229.26,eric_model_2_5_8bit,eric_model_2_5_8bit_068,69978
013,1525,0.9572393597865736,0.8600370078097362,0.8912653707886231,0.8635246310557203,0.8322161449593488,model_trial_013,,/home/youeric/PixelML/SmartpixReal/Muon_Collider_Smart_Pixels/eric/model2_5_8_bit/model_trial_013.h5,/home/youeric/PixelML/SmartpixReal/Muon_Collider_Smart_Pixels/eric/model2_5_8_bit/hls_outputs/hls_model_trial_013,/home/youeric/PixelML/SmartpixReal/Muon_Collider_Smart_Pixels/eric/model2_5_8_bit/hls_outputs/hls_model_trial_013.tar.gz,42831,42831,53200,80.51,39465,39465,106400,37.09,0,0,140,0.0,220,220,220,100.0,,,,,229.26,eric_model_2_5_8bit,eric_model_2_5_8bit_013,82296
099,1339,0.9585596685820192,0.8578467743642306,0.8887437602232563,0.8604829761051699,0.8331715753414303,model_trial_099,,/home/youeric/PixelML/SmartpixReal/Muon_Collider_Smart_Pixels/eric/model2_5_8_bit/model_trial_099.h5,/home/youeric/PixelML/SmartpixReal/Muon_Collider_Smart_Pixels/eric/model2_5_8_bit/hls_outputs/hls_model_trial_099,/home/youeric/PixelML/SmartpixReal/Muon_Collider_Smart_Pixels/eric/model2_5_8_bit/hls_outputs/hls_model_trial_099.tar.gz,36494,36494,53200,68.6,34655,34655,106400,32.57,0,0,140,0.0,220,220,220,100.0,,,,,229.26,eric_model_2_5_8bit,eric_model_2_5_8bit_099,71149
059,885,0.9431348588292886,0.8549617374320087,0.8794252904840948,0.8580641650112928,0.8318714643784714,model_trial_059,,/home/youeric/PixelML/SmartpixReal/Muon_Collider_Smart_Pixels/eric/model2_5_8_bit/model_trial_059.h5,/home/youeric/PixelML/SmartpixReal/Muon_Collider_Smart_Pixels/eric/model2_5_8_bit/hls_outputs/hls_model_trial_059,/home/youeric/PixelML/SmartpixReal/Muon_Collider_Smart_Pixels/eric/model2_5_8_bit/hls_outputs/hls_model_trial_059.tar.gz,21460,21460,53200,40.34,22241,22241,106400,20.9,0,0,140,0.0,220,220,220,100.0,,,,,229.26,eric_model_2_5_8bit,eric_model_2_5_8bit_059,43701
105,819,0.9419539609991816,0.8283445354522119,0.8637241829709652,0.8324519790410019,0.7962786591320701,model_trial_105,,/home/youeric/PixelML/SmartpixReal/Muon_Collider_Smart_Pixels/eric/model2_5_8_bit/model_trial_105.h5,/home/youeric/PixelML/SmartpixReal/Muon_Collider_Smart_Pixels/eric/model2_5_8_bit/hls_outputs/hls_model_trial_105,/home/youeric/PixelML/SmartpixReal/Muon_Collider_Smart_Pixels/eric/model2_5_8_bit/hls_outputs/hls_model_trial_105.tar.gz,18789,18789,53200,35.32,19012,19012,106400,17.87,0,0,140,0.0,220,220,220,100.0,,,,,229.26,eric_model_2_5_8bit,eric_model_2_5_8bit_105,37801
006,1073,0.9432963239505956,0.8119404609649242,0.8509226252566208,0.8162429211981581,0.7773907680027574,model_trial_006,,/home/youeric/PixelML/SmartpixReal/Muon_Collider_Smart_Pixels/eric/model2_5_8_bit/model_trial_006.h5,/home/youeric/PixelML/SmartpixReal/Muon_Collider_Smart_Pixels/eric/model2_5_8_bit/hls_outputs/hls_model_trial_006,/home/youeric/PixelML/SmartpixReal/Muon_Collider_Smart_Pixels/eric/model2_5_8_bit/hls_outputs/hls_model_trial_006.tar.gz,28672,28672,53200,53.89,26835,26835,106400,25.22,0,0,140,0.0,220,220,220,100.0,,,,,229.26,eric_model_2_5_8bit,eric_model_2_5_8bit_006,55507
000,391,0.9317288852365306,0.7990524307539737,0.8424235277755101,0.8054943293997419,0.7548202369830169,model_trial_0,,/home/youeric/PixelML/SmartpixReal/Muon_Collider_Smart_Pixels/eric/model2_5_8_bit/model_trial_0.h5,/home/youeric/PixelML/SmartpixReal/Muon_Collider_Smart_Pixels/eric/model2_5_8_bit/hls_outputs/hls_model_trial_0,/home/youeric/PixelML/SmartpixReal/Muon_Collider_Smart_Pixels/eric/model2_5_8_bit/hls_outputs/hls_model_trial_0.tar.gz,7933,7933,53200,14.91,9681,9681,106400,9.1,0,0,140,0.0,131,131,220,59.55,,,,,230.83,eric_model_2_5_8bit,eric_model_2_5_8bit_000,17614
065,391,0.9317288852365306,0.7990524307539737,0.8424235277755101,0.8054943293997419,0.7548202369830169,model_trial_065,,/home/youeric/PixelML/SmartpixReal/Muon_Collider_Smart_Pixels/eric/model2_5_8_bit/model_trial_065.h5,/home/youeric/PixelML/SmartpixReal/Muon_Collider_Smart_Pixels/eric/model2_5_8_bit/hls_outputs/hls_model_trial_065,/home/youeric/PixelML/SmartpixReal/Muon_Collider_Smart_Pixels/eric/model2_5_8_bit/hls_outputs/hls_model_trial_065.tar.gz,7933,7933,53200,14.91,9681,9681,106400,9.1,0,0,140,0.0,131,131,220,59.55,,,,,230.83,eric_model_2_5_8bit,eric_model_2_5_8bit_065,17614
049,363,0.9329285053019324,0.7985550627227951,0.8355147985886238,0.8023680160609057,0.7667298581064942,model_trial_049,,/home/youeric/PixelML/SmartpixReal/Muon_Collider_Smart_Pixels/eric/model2_5_8_bit/model_trial_049.h5,/home/youeric/PixelML/SmartpixReal/Muon_Collider_Smart_Pixels/eric/model2_5_8_bit/hls_outputs/hls_model_trial_049,/home/youeric/PixelML/SmartpixReal/Muon_Collider_Smart_Pixels/eric/model2_5_8_bit/hls_outputs/hls_model_trial_049.tar.gz,7658,7658,53200,14.39,8787,8787,106400,8.26,0,0,140,0.0,116,116,220,52.73,,,,,229.26,eric_model_2_5_8bit,eric_model_2_5_8bit_049,16445
055,711,0.9243370948800878,0.7947115718946244,0.8181084292543108,0.7984828007413656,0.7698138422511875,model_trial_055,,/home/youeric/PixelML/SmartpixReal/Muon_Collider_Smart_Pixels/eric/model2_5_8_bit/model_trial_055.h5,/home/youeric/PixelML/SmartpixReal/Muon_Collider_Smart_Pixels/eric/model2_5_8_bit/hls_outputs/hls_model_trial_055,/home/youeric/PixelML/SmartpixReal/Muon_Collider_Smart_Pixels/eric/model2_5_8_bit/hls_outputs/hls_model_trial_055.tar.gz,15327,15327,53200,28.81,16242,16242,106400,15.27,0,0,140,0.0,220,220,220,100.0,,,,,229.26,eric_model_2_5_8bit,eric_model_2_5_8bit_055,31569
032,683,0.9337954740277256,0.7846674588272998,0.8267738199981254,0.7881847125091839,0.7513038903552931,model_trial_032,,/home/youeric/PixelML/SmartpixReal/Muon_Collider_Smart_Pixels/eric/model2_5_8_bit/model_trial_032.h5,/home/youeric/PixelML/SmartpixReal/Muon_Collider_Smart_Pixels/eric/model2_5_8_bit/hls_outputs/hls_model_trial_032,/home/youeric/PixelML/SmartpixReal/Muon_Collider_Smart_Pixels/eric/model2_5_8_bit/hls_outputs/hls_model_trial_032.tar.gz,14987,14987,53200,28.17,15869,15869,106400,14.91,0,0,140,0.0,220,220,220,100.0,,,,,229.26,eric_model_2_5_8bit,eric_model_2_5_8bit_032,30856
084,391,0.9200655166659816,0.7651485603538721,0.7997073238576409,0.768220450443096,0.737117563289704,model_trial_084,,/home/youeric/PixelML/SmartpixReal/Muon_Collider_Smart_Pixels/eric/model2_5_8_bit/model_trial_084.h5,/home/youeric/PixelML/SmartpixReal/Muon_Collider_Smart_Pixels/eric/model2_5_8_bit/hls_outputs/hls_model_trial_084,/home/youeric/PixelML/SmartpixReal/Muon_Collider_Smart_Pixels/eric/model2_5_8_bit/hls_outputs/hls_model_trial_084.tar.gz,7742,7742,53200,14.55,9547,9547,106400,8.97,0,0,140,0.0,162,162,220,73.64,,,,,229.26,eric_model_2_5_8bit,eric_model_2_5_8bit_084,17289
095,377,0.8968803167067969,0.7629689092069021,0.798407212894682,0.7689551643128612,0.7242978644921555,model_trial_095,,/home/youeric/PixelML/SmartpixReal/Muon_Collider_Smart_Pixels/eric/model2_5_8_bit/model_trial_095.h5,/home/youeric/PixelML/SmartpixReal/Muon_Collider_Smart_Pixels/eric/model2_5_8_bit/hls_outputs/hls_model_trial_095,/home/youeric/PixelML/SmartpixReal/Muon_Collider_Smart_Pixels/eric/model2_5_8_bit/hls_outputs/hls_model_trial_095.tar.gz,7895,7895,53200,14.84,9138,9138,106400,8.59,0,0,140,0.0,120,120,220,54.55,,,,,229.26,eric_model_2_5_8bit,eric_model_2_5_8bit_095,17033
