model,run_name,trial_id,parameters,auc,bkg_rej_@99%,luts,registers,luts_plus_ff,dsp,bram,hls_source,fullPath
model1,model1_3w5i,546,463.0,0.9056834153017188,0.693058919214733,21851,15753,37604,0,0,csynth,/home/dabadjiev/smartpixels_ml_dsabadjiev/Muon_Collider_Smart_Pixels/eric/Results_June2026_99SigEff/model1_fin_results/model1_3bit_normalised_selected/pareto_primary/model_trial_546.h5
model1,model1_3w5i,552,595.0,0.884111751993619,0.6621072077547083,26532,19213,45745,0,0,csynth,/home/dabadjiev/smartpixels_ml_dsabadjiev/Muon_Collider_Smart_Pixels/eric/Results_June2026_99SigEff/model1_fin_results/model1_3bit_normalised_selected/pareto_secondary/model_trial_552.h5
model1,model1_3w5i,538,331.0,0.8969978562300481,0.6411421625985287,17170,12293,29463,0,0,csynth,/home/dabadjiev/smartpixels_ml_dsabadjiev/Muon_Collider_Smart_Pixels/eric/Results_June2026_99SigEff/model1_fin_results/model1_3bit_normalised_selected/pareto_primary/model_trial_538.h5
model1,model1_3w5i,557,501.0,0.8812723383819475,0.630974085462643,24593,17661,42254,0,0,csynth,/home/dabadjiev/smartpixels_ml_dsabadjiev/Muon_Collider_Smart_Pixels/eric/Results_June2026_99SigEff/model1_fin_results/model1_3bit_normalised_selected/pareto_secondary/model_trial_557.h5
model1,model1_3w5i,533,281.0,0.890163563619619,0.6221454249699916,15549,11123,26672,0,0,csynth,/home/dabadjiev/smartpixels_ml_dsabadjiev/Muon_Collider_Smart_Pixels/eric/Results_June2026_99SigEff/model1_fin_results/model1_3bit_normalised_selected/pareto_primary/model_trial_533.h5
model1,model1_3w5i,559,415.0,0.85825384142731,0.6108102714813102,21724,15732,37456,0,0,csynth,/home/dabadjiev/smartpixels_ml_dsabadjiev/Muon_Collider_Smart_Pixels/eric/Results_June2026_99SigEff/model1_fin_results/model1_3bit_normalised_selected/pareto_secondary/model_trial_559.h5
model1,model1_3w5i,530,155.0,0.8526639868594303,0.6046362561641889,11654,8548,20202,0,0,csynth,/home/dabadjiev/smartpixels_ml_dsabadjiev/Muon_Collider_Smart_Pixels/eric/Results_June2026_99SigEff/model1_fin_results/model1_3bit_normalised_selected/pareto_primary/model_trial_530.h5
model1,model1_3w5i,525,99.0,0.8606186053310594,0.5994932590758327,8746,6286,15032,0,0,csynth,/home/dabadjiev/smartpixels_ml_dsabadjiev/Muon_Collider_Smart_Pixels/eric/Results_June2026_99SigEff/model1_fin_results/model1_3bit_normalised_selected/pareto_primary/model_trial_525.h5
model1,model1_3w5i,542,391.0,0.857602516606803,0.5967509319981497,20071,14392,34463,0,0,csynth,/home/dabadjiev/smartpixels_ml_dsabadjiev/Muon_Collider_Smart_Pixels/eric/Results_June2026_99SigEff/model1_fin_results/model1_3bit_normalised_selected/pareto_secondary/model_trial_542.h5
model1,model1_3w5i,524,61.0,0.8647715726175921,0.5957047962000478,6587,4613,11200,0,0,csynth,/home/dabadjiev/smartpixels_ml_dsabadjiev/Muon_Collider_Smart_Pixels/eric/Results_June2026_99SigEff/model1_fin_results/model1_3bit_normalised_selected/pareto_primary/model_trial_524.h5
model1,model1_3w5i,536,91.0,0.8597348010573974,0.5955112913125375,8699,6075,14774,0,0,csynth,/home/dabadjiev/smartpixels_ml_dsabadjiev/Muon_Collider_Smart_Pixels/eric/Results_June2026_99SigEff/model1_fin_results/model1_3bit_normalised_selected/pareto_secondary/model_trial_536.h5
model1,model1_3w5i,526,79.0,0.8517750726260135,0.5597400987479629,7633,5196,12829,0,0,csynth,/home/dabadjiev/smartpixels_ml_dsabadjiev/Muon_Collider_Smart_Pixels/eric/Results_June2026_99SigEff/model1_fin_results/model1_3bit_normalised_selected/pareto_secondary/model_trial_526.h5
model1,model1_3w5i,544,31.0,0.7529683139420451,0.5154244559942673,6452,4081,10533,0,0,csynth,/home/dabadjiev/smartpixels_ml_dsabadjiev/Muon_Collider_Smart_Pixels/eric/Results_June2026_99SigEff/model1_fin_results/model1_3bit_normalised_selected/pareto_primary/model_trial_544.h5
model1,model1_3w5i,527,31.0,0.8398083225480358,0.4630904544643693,5081,3466,8547,0,0,csynth,/home/dabadjiev/smartpixels_ml_dsabadjiev/Muon_Collider_Smart_Pixels/eric/Results_June2026_99SigEff/model1_fin_results/model1_3bit_normalised_selected/pareto_secondary/model_trial_527.h5
model1,model1_3w5i,528,19.0,0.8311355457461963,0.2800136662826804,4406,2883,7289,0,0,csynth,/home/dabadjiev/smartpixels_ml_dsabadjiev/Muon_Collider_Smart_Pixels/eric/Results_June2026_99SigEff/model1_fin_results/model1_3bit_normalised_selected/pareto_primary/model_trial_528.h5
model1,model1_3w5i,534,25.0,0.5,0.0,5429,3482,8911,0,0,csynth,/home/dabadjiev/smartpixels_ml_dsabadjiev/Muon_Collider_Smart_Pixels/eric/Results_June2026_99SigEff/model1_fin_results/model1_3bit_normalised_selected/pareto_secondary/model_trial_534.h5
model1,model1_4w6i,647,325.0,0.9287623360759086,0.7553584224514046,17884,12927,30811,0,0,csynth,/home/dabadjiev/smartpixels_ml_dsabadjiev/Muon_Collider_Smart_Pixels/eric/Results_June2026_99SigEff/model1_fin_results/model1_4bit_normalised_selected/pareto_primary/model_trial_647.h5
model1,model1_4w6i,645,463.0,0.9353190089265164,0.7518481228514154,21863,15816,37679,0,0,csynth,/home/dabadjiev/smartpixels_ml_dsabadjiev/Muon_Collider_Smart_Pixels/eric/Results_June2026_99SigEff/model1_fin_results/model1_4bit_normalised_selected/pareto_secondary/model_trial_645.h5
model1,model1_4w6i,648,211.0,0.934858840511775,0.7513038903552931,14790,10653,25443,0,0,csynth,/home/dabadjiev/smartpixels_ml_dsabadjiev/Muon_Collider_Smart_Pixels/eric/Results_June2026_99SigEff/model1_fin_results/model1_4bit_normalised_selected/pareto_primary/model_trial_648.h5
model1,model1_4w6i,631,193.0,0.9200855602150756,0.7284007728101445,13188,8850,22038,0,0,csynth,/home/dabadjiev/smartpixels_ml_dsabadjiev/Muon_Collider_Smart_Pixels/eric/Results_June2026_99SigEff/model1_fin_results/model1_4bit_normalised_selected/pareto_primary/model_trial_631.h5
model1,model1_4w6i,639,281.0,0.925249169754824,0.727690247051318,15561,11158,26719,0,0,csynth,/home/dabadjiev/smartpixels_ml_dsabadjiev/Muon_Collider_Smart_Pixels/eric/Results_June2026_99SigEff/model1_fin_results/model1_4bit_normalised_selected/pareto_secondary/model_trial_639.h5
model1,model1_4w6i,636,235.0,0.9249380805820416,0.7170595722937283,14032,10075,24107,0,0,csynth,/home/dabadjiev/smartpixels_ml_dsabadjiev/Muon_Collider_Smart_Pixels/eric/Results_June2026_99SigEff/model1_fin_results/model1_4bit_normalised_selected/pareto_secondary/model_trial_636.h5
model1,model1_4w6i,646,121.0,0.9123092667796532,0.6789481799958276,10823,7546,18369,0,0,csynth,/home/dabadjiev/smartpixels_ml_dsabadjiev/Muon_Collider_Smart_Pixels/eric/Results_June2026_99SigEff/model1_fin_results/model1_4bit_normalised_selected/pareto_primary/model_trial_646.h5
model1,model1_4w6i,638,121.0,0.9189085294798742,0.6710628558297882,10241,6959,17200,0,0,csynth,/home/dabadjiev/smartpixels_ml_dsabadjiev/Muon_Collider_Smart_Pixels/eric/Results_June2026_99SigEff/model1_fin_results/model1_4bit_normalised_selected/pareto_secondary/model_trial_638.h5
model1,model1_4w6i,637,91.0,0.887792023784351,0.6679335189770848,8711,6084,14795,0,0,csynth,/home/dabadjiev/smartpixels_ml_dsabadjiev/Muon_Collider_Smart_Pixels/eric/Results_June2026_99SigEff/model1_fin_results/model1_4bit_normalised_selected/pareto_primary/model_trial_637.h5
model1,model1_4w6i,625,99.0,0.8978741739196837,0.6348472067267137,8830,6249,15079,0,0,csynth,/home/dabadjiev/smartpixels_ml_dsabadjiev/Muon_Collider_Smart_Pixels/eric/Results_June2026_99SigEff/model1_fin_results/model1_4bit_normalised_selected/pareto_secondary/model_trial_625.h5
model1,model1_4w6i,649,85.0,0.8405670320104542,0.5694092960957365,9302,6388,15690,0,0,csynth,/home/dabadjiev/smartpixels_ml_dsabadjiev/Muon_Collider_Smart_Pixels/eric/Results_June2026_99SigEff/model1_fin_results/model1_4bit_normalised_selected/pareto_primary/model_trial_649.h5
model1,model1_4w6i,642,55.0,0.8161392349696828,0.5399481769723137,7817,5255,13072,0,0,csynth,/home/dabadjiev/smartpixels_ml_dsabadjiev/Muon_Collider_Smart_Pixels/eric/Results_June2026_99SigEff/model1_fin_results/model1_4bit_normalised_selected/pareto_primary/model_trial_642.h5
model1,model1_4w6i,626,79.0,0.8573291703378914,0.5076630958967894,7645,5205,12850,0,0,csynth,/home/dabadjiev/smartpixels_ml_dsabadjiev/Muon_Collider_Smart_Pixels/eric/Results_June2026_99SigEff/model1_fin_results/model1_4bit_normalised_selected/pareto_secondary/model_trial_626.h5
model1,model1_4w6i,624,61.0,0.8584960926266938,0.4889324274885787,6599,4622,11221,0,0,csynth,/home/dabadjiev/smartpixels_ml_dsabadjiev/Muon_Collider_Smart_Pixels/eric/Results_June2026_99SigEff/model1_fin_results/model1_4bit_normalised_selected/pareto_secondary/model_trial_624.h5
model1,model1_4w6i,622,45.0,0.8217202626205626,0.4172358431521946,5844,4042,9886,0,0,csynth,/home/dabadjiev/smartpixels_ml_dsabadjiev/Muon_Collider_Smart_Pixels/eric/Results_June2026_99SigEff/model1_fin_results/model1_4bit_normalised_selected/pareto_primary/model_trial_622.h5
model1,model1_4w6i,655,37.0,0.7815369484700827,0.3858940984032823,7487,4689,12176,0,0,csynth,/home/dabadjiev/smartpixels_ml_dsabadjiev/Muon_Collider_Smart_Pixels/eric/Results_June2026_99SigEff/model1_fin_results/model1_4bit_normalised_selected/pareto_primary/model_trial_655.h5
model1,model1_4w6i,627,31.0,0.8296201966523233,0.374831061162662,5093,3475,8568,0,0,csynth,/home/dabadjiev/smartpixels_ml_dsabadjiev/Muon_Collider_Smart_Pixels/eric/Results_June2026_99SigEff/model1_fin_results/model1_4bit_normalised_selected/pareto_primary/model_trial_627.h5
model1,model1_4w6i,628,19.0,0.8235910679074565,0.3050725492152469,4418,2892,7310,0,0,csynth,/home/dabadjiev/smartpixels_ml_dsabadjiev/Muon_Collider_Smart_Pixels/eric/Results_June2026_99SigEff/model1_fin_results/model1_4bit_normalised_selected/pareto_primary/model_trial_628.h5
model1,model1_4w6i,632,25.0,0.5,0.0,5441,3491,8932,0,0,csynth,/home/dabadjiev/smartpixels_ml_dsabadjiev/Muon_Collider_Smart_Pixels/eric/Results_June2026_99SigEff/model1_fin_results/model1_4bit_normalised_selected/pareto_secondary/model_trial_632.h5
model1,model1_6w8i,854,595.0,0.9466733943515554,0.8132012662476076,26552,19435,45987,0,0,csynth,/home/dabadjiev/smartpixels_ml_dsabadjiev/Muon_Collider_Smart_Pixels/eric/Results_June2026_99SigEff/model1_fin_results/model1_6bit_normalised_selected/pareto_primary/model_trial_854.h5
model1,model1_6w8i,850,501.0,0.9467375435660828,0.8126177280712098,24613,17844,42457,0,0,csynth,/home/dabadjiev/smartpixels_ml_dsabadjiev/Muon_Collider_Smart_Pixels/eric/Results_June2026_99SigEff/model1_fin_results/model1_6bit_normalised_selected/pareto_primary/model_trial_850.h5
model1,model1_6w8i,855,267.0,0.942669570184164,0.8088867119589044,17778,12957,30735,0,0,csynth,/home/dabadjiev/smartpixels_ml_dsabadjiev/Muon_Collider_Smart_Pixels/eric/Results_June2026_99SigEff/model1_fin_results/model1_6bit_normalised_selected/pareto_primary/model_trial_855.h5
model1,model1_6w8i,847,391.0,0.942285240412322,0.8077014945229046,20091,14536,34627,0,0,csynth,/home/dabadjiev/smartpixels_ml_dsabadjiev/Muon_Collider_Smart_Pixels/eric/Results_June2026_99SigEff/model1_fin_results/model1_6bit_normalised_selected/pareto_secondary/model_trial_847.h5
model1,model1_6w8i,833,281.0,0.944157375386754,0.8057815632171397,15569,11228,26797,0,0,csynth,/home/dabadjiev/smartpixels_ml_dsabadjiev/Muon_Collider_Smart_Pixels/eric/Results_June2026_99SigEff/model1_fin_results/model1_6bit_normalised_selected/pareto_secondary/model_trial_833.h5
model1,model1_6w8i,834,235.0,0.944958933992152,0.7997375589963143,14040,10133,24173,0,0,csynth,/home/dabadjiev/smartpixels_ml_dsabadjiev/Muon_Collider_Smart_Pixels/eric/Results_June2026_99SigEff/model1_fin_results/model1_6bit_normalised_selected/pareto_primary/model_trial_834.h5
model1,model1_6w8i,838,193.0,0.9445982833523752,0.7989484218769369,13196,8876,22072,0,0,csynth,/home/dabadjiev/smartpixels_ml_dsabadjiev/Muon_Collider_Smart_Pixels/eric/Results_June2026_99SigEff/model1_fin_results/model1_6bit_normalised_selected/pareto_primary/model_trial_838.h5
model1,model1_6w8i,829,199.0,0.943368627550238,0.7983679072144064,12509,8956,21465,0,0,csynth,/home/dabadjiev/smartpixels_ml_dsabadjiev/Muon_Collider_Smart_Pixels/eric/Results_June2026_99SigEff/model1_fin_results/model1_6bit_normalised_selected/pareto_secondary/model_trial_829.h5
model1,model1_6w8i,836,121.0,0.9388993287785602,0.7975938876643658,10249,6977,17226,0,0,csynth,/home/dabadjiev/smartpixels_ml_dsabadjiev/Muon_Collider_Smart_Pixels/eric/Results_June2026_99SigEff/model1_fin_results/model1_6bit_normalised_selected/pareto_primary/model_trial_836.h5
model1,model1_6w8i,831,155.0,0.9388890645906776,0.7920396926900506,11818,8525,20343,0,0,csynth,/home/dabadjiev/smartpixels_ml_dsabadjiev/Muon_Collider_Smart_Pixels/eric/Results_June2026_99SigEff/model1_fin_results/model1_6bit_normalised_selected/pareto_secondary/model_trial_831.h5
model1,model1_6w8i,849,85.0,0.9354657172485852,0.7884175230769697,9310,6406,15716,0,0,csynth,/home/dabadjiev/smartpixels_ml_dsabadjiev/Muon_Collider_Smart_Pixels/eric/Results_June2026_99SigEff/model1_fin_results/model1_6bit_normalised_selected/pareto_primary/model_trial_849.h5
model1,model1_6w8i,858,105.0,0.9362614266878204,0.7746061117309314,11039,7579,18618,0,0,csynth,/home/dabadjiev/smartpixels_ml_dsabadjiev/Muon_Collider_Smart_Pixels/eric/Results_June2026_99SigEff/model1_fin_results/model1_6bit_normalised_selected/pareto_secondary/model_trial_858.h5
model1,model1_6w8i,830,91.0,0.9214100097877284,0.7440897862678046,8719,6102,14821,0,0,csynth,/home/dabadjiev/smartpixels_ml_dsabadjiev/Muon_Collider_Smart_Pixels/eric/Results_June2026_99SigEff/model1_fin_results/model1_6bit_normalised_selected/pareto_secondary/model_trial_830.h5
model1,model1_6w8i,824,61.0,0.8822279981596747,0.6729616225384818,6607,4640,11247,0,0,csynth,/home/dabadjiev/smartpixels_ml_dsabadjiev/Muon_Collider_Smart_Pixels/eric/Results_June2026_99SigEff/model1_fin_results/model1_6bit_normalised_selected/pareto_primary/model_trial_824.h5
model1,model1_6w8i,826,79.0,0.8880494867896274,0.6688133615124825,7653,5223,12876,0,0,csynth,/home/dabadjiev/smartpixels_ml_dsabadjiev/Muon_Collider_Smart_Pixels/eric/Results_June2026_99SigEff/model1_fin_results/model1_6bit_normalised_selected/pareto_secondary/model_trial_826.h5
model1,model1_6w8i,851,67.0,0.8394530598560263,0.6410454101547737,9187,6163,15350,0,0,csynth,/home/dabadjiev/smartpixels_ml_dsabadjiev/Muon_Collider_Smart_Pixels/eric/Results_June2026_99SigEff/model1_fin_results/model1_6bit_normalised_selected/pareto_secondary/model_trial_851.h5
model1,model1_6w8i,839,65.0,0.8351328839364829,0.6314638947091531,7581,5233,12814,0,0,csynth,/home/dabadjiev/smartpixels_ml_dsabadjiev/Muon_Collider_Smart_Pixels/eric/Results_June2026_99SigEff/model1_fin_results/model1_6bit_normalised_selected/pareto_secondary/model_trial_839.h5
model1,model1_6w8i,822,45.0,0.8534839025694644,0.5528857928106887,5852,4060,9912,0,0,csynth,/home/dabadjiev/smartpixels_ml_dsabadjiev/Muon_Collider_Smart_Pixels/eric/Results_June2026_99SigEff/model1_fin_results/model1_6bit_normalised_selected/pareto_primary/model_trial_822.h5
model1,model1_6w8i,828,19.0,0.7808397630276929,0.5144901902092573,4426,2910,7336,0,0,csynth,/home/dabadjiev/smartpixels_ml_dsabadjiev/Muon_Collider_Smart_Pixels/eric/Results_June2026_99SigEff/model1_fin_results/model1_6bit_normalised_selected/pareto_primary/model_trial_828.h5
model1,model1_6w8i,835,43.0,0.8392737985471621,0.5091415941779217,6463,4383,10846,0,0,csynth,/home/dabadjiev/smartpixels_ml_dsabadjiev/Muon_Collider_Smart_Pixels/eric/Results_June2026_99SigEff/model1_fin_results/model1_6bit_normalised_selected/pareto_secondary/model_trial_835.h5
model1,model1_6w8i,827,31.0,0.854693929802508,0.4904774430747927,5101,3493,8594,0,0,csynth,/home/dabadjiev/smartpixels_ml_dsabadjiev/Muon_Collider_Smart_Pixels/eric/Results_June2026_99SigEff/model1_fin_results/model1_6bit_normalised_selected/pareto_secondary/model_trial_827.h5
model1,model1_6w8i,832,25.0,0.5,0.0,5449,3509,8958,0,0,csynth,/home/dabadjiev/smartpixels_ml_dsabadjiev/Muon_Collider_Smart_Pixels/eric/Results_June2026_99SigEff/model1_fin_results/model1_6bit_normalised_selected/pareto_secondary/model_trial_832.h5
model1,model1_8w10i,1047,391.0,0.9480106694019824,0.8216761756177795,20078,14608,34686,0,0,csynth,/home/dabadjiev/smartpixels_ml_dsabadjiev/Muon_Collider_Smart_Pixels/eric/Results_June2026_99SigEff/model1_fin_results/model1_8bit_normalised_selected/pareto_primary/model_trial_1047.h5
model1,model1_8w10i,1059,415.0,0.947456840171684,0.8201311600315655,21704,15839,37543,0,0,csynth,/home/dabadjiev/smartpixels_ml_dsabadjiev/Muon_Collider_Smart_Pixels/eric/Results_June2026_99SigEff/model1_fin_results/model1_8bit_normalised_selected/pareto_secondary/model_trial_1059.h5
model1,model1_8w10i,1046,265.0,0.9483342619652744,0.8197864794506879,16864,11325,28189,0,0,csynth,/home/dabadjiev/smartpixels_ml_dsabadjiev/Muon_Collider_Smart_Pixels/eric/Results_June2026_99SigEff/model1_fin_results/model1_8bit_normalised_selected/pareto_primary/model_trial_1046.h5
model1,model1_8w10i,1052,337.0,0.9484628475742566,0.8191273534276065,20572,13748,34320,0,0,csynth,/home/dabadjiev/smartpixels_ml_dsabadjiev/Muon_Collider_Smart_Pixels/eric/Results_June2026_99SigEff/model1_fin_results/model1_8bit_normalised_selected/pareto_secondary/model_trial_1052.h5
model1,model1_8w10i,1053,267.0,0.946192296362065,0.816983682095658,17783,12939,30722,0,0,csynth,/home/dabadjiev/smartpixels_ml_dsabadjiev/Muon_Collider_Smart_Pixels/eric/Results_June2026_99SigEff/model1_fin_results/model1_8bit_normalised_selected/pareto_secondary/model_trial_1053.h5
model1,model1_8w10i,1042,211.0,0.9452101569303348,0.8128263505280566,14794,10733,25527,0,0,csynth,/home/dabadjiev/smartpixels_ml_dsabadjiev/Muon_Collider_Smart_Pixels/eric/Results_June2026_99SigEff/model1_fin_results/model1_8bit_normalised_selected/pareto_primary/model_trial_1042.h5
model1,model1_8w10i,1051,205.0,0.9393380025374588,0.8116985798555365,15401,10503,25904,0,0,csynth,/home/dabadjiev/smartpixels_ml_dsabadjiev/Muon_Collider_Smart_Pixels/eric/Results_June2026_99SigEff/model1_fin_results/model1_8bit_normalised_selected/pareto_primary/model_trial_1051.h5
model1,model1_8w10i,1048,163.0,0.9452931797976464,0.809494438246241,12805,8749,21554,0,0,csynth,/home/dabadjiev/smartpixels_ml_dsabadjiev/Muon_Collider_Smart_Pixels/eric/Results_June2026_99SigEff/model1_fin_results/model1_8bit_normalised_selected/pareto_primary/model_trial_1048.h5
model1,model1_8w10i,1036,155.0,0.9449033654783686,0.7964479759086415,11805,8527,20332,0,0,csynth,/home/dabadjiev/smartpixels_ml_dsabadjiev/Muon_Collider_Smart_Pixels/eric/Results_June2026_99SigEff/model1_fin_results/model1_8bit_normalised_selected/pareto_primary/model_trial_1036.h5
model1,model1_8w10i,1031,121.0,0.9418471349615152,0.7960277074810804,10209,6995,17204,0,0,csynth,/home/dabadjiev/smartpixels_ml_dsabadjiev/Muon_Collider_Smart_Pixels/eric/Results_June2026_99SigEff/model1_fin_results/model1_8bit_normalised_selected/pareto_primary/model_trial_1031.h5
model1,model1_8w10i,1029,199.0,0.944832579646286,0.7957495442052844,12487,8958,21445,0,0,csynth,/home/dabadjiev/smartpixels_ml_dsabadjiev/Muon_Collider_Smart_Pixels/eric/Results_June2026_99SigEff/model1_fin_results/model1_8bit_normalised_selected/pareto_secondary/model_trial_1029.h5
model1,model1_8w10i,1050,151.0,0.9367825873353348,0.7926443954635198,12903,9044,21947,0,0,csynth,/home/dabadjiev/smartpixels_ml_dsabadjiev/Muon_Collider_Smart_Pixels/eric/Results_June2026_99SigEff/model1_fin_results/model1_8bit_normalised_selected/pareto_secondary/model_trial_1050.h5
model1,model1_8w10i,1034,91.0,0.9343880440263256,0.7755554950852782,8679,6120,14799,0,0,csynth,/home/dabadjiev/smartpixels_ml_dsabadjiev/Muon_Collider_Smart_Pixels/eric/Results_June2026_99SigEff/model1_fin_results/model1_8bit_normalised_selected/pareto_primary/model_trial_1034.h5
model1,model1_8w10i,1045,121.0,0.933534925656272,0.7699347828058813,10791,7582,18373,0,0,csynth,/home/dabadjiev/smartpixels_ml_dsabadjiev/Muon_Collider_Smart_Pixels/eric/Results_June2026_99SigEff/model1_fin_results/model1_8bit_normalised_selected/pareto_secondary/model_trial_1045.h5
model1,model1_8w10i,1026,79.0,0.9044368431625038,0.704530130827445,7613,5241,12854,0,0,csynth,/home/dabadjiev/smartpixels_ml_dsabadjiev/Muon_Collider_Smart_Pixels/eric/Results_June2026_99SigEff/model1_fin_results/model1_8bit_normalised_selected/pareto_primary/model_trial_1026.h5
model1,model1_8w10i,1025,99.0,0.9050811717472034,0.7024106476064352,8816,6321,15137,0,0,csynth,/home/dabadjiev/smartpixels_ml_dsabadjiev/Muon_Collider_Smart_Pixels/eric/Results_June2026_99SigEff/model1_fin_results/model1_8bit_normalised_selected/pareto_secondary/model_trial_1025.h5
model1,model1_8w10i,1032,65.0,0.924199130350122,0.7006600330772417,7541,5251,12792,0,0,csynth,/home/dabadjiev/smartpixels_ml_dsabadjiev/Muon_Collider_Smart_Pixels/eric/Results_June2026_99SigEff/model1_fin_results/model1_8bit_normalised_selected/pareto_primary/model_trial_1032.h5
model1,model1_8w10i,1040,55.0,0.9047597470040728,0.6933310354627942,7785,5291,13076,0,0,csynth,/home/dabadjiev/smartpixels_ml_dsabadjiev/Muon_Collider_Smart_Pixels/eric/Results_June2026_99SigEff/model1_fin_results/model1_8bit_normalised_selected/pareto_primary/model_trial_1040.h5
model1,model1_8w10i,1024,61.0,0.8907346645635281,0.6870753852712546,6567,4658,11225,0,0,csynth,/home/dabadjiev/smartpixels_ml_dsabadjiev/Muon_Collider_Smart_Pixels/eric/Results_June2026_99SigEff/model1_fin_results/model1_8bit_normalised_selected/pareto_secondary/model_trial_1024.h5
model1,model1_8w10i,1022,45.0,0.8617684506870918,0.5791177991237857,5812,4078,9890,0,0,csynth,/home/dabadjiev/smartpixels_ml_dsabadjiev/Muon_Collider_Smart_Pixels/eric/Results_June2026_99SigEff/model1_fin_results/model1_8bit_normalised_selected/pareto_primary/model_trial_1022.h5
model1,model1_8w10i,1035,25.0,0.82340753744996,0.5565563386456471,5409,3527,8936,0,0,csynth,/home/dabadjiev/smartpixels_ml_dsabadjiev/Muon_Collider_Smart_Pixels/eric/Results_June2026_99SigEff/model1_fin_results/model1_8bit_normalised_selected/pareto_primary/model_trial_1035.h5
model1,model1_8w10i,1039,43.0,0.8587095367983674,0.5491064004765058,6423,4401,10824,0,0,csynth,/home/dabadjiev/smartpixels_ml_dsabadjiev/Muon_Collider_Smart_Pixels/eric/Results_June2026_99SigEff/model1_fin_results/model1_8bit_normalised_selected/pareto_secondary/model_trial_1039.h5
model1,model1_8w10i,1057,37.0,0.812378659139346,0.5379738224169366,7455,4725,12180,0,0,csynth,/home/dabadjiev/smartpixels_ml_dsabadjiev/Muon_Collider_Smart_Pixels/eric/Results_June2026_99SigEff/model1_fin_results/model1_8bit_normalised_selected/pareto_secondary/model_trial_1057.h5
model1,model1_8w10i,1028,19.0,0.8116697974599648,0.5298526641692443,4386,2928,7314,0,0,csynth,/home/dabadjiev/smartpixels_ml_dsabadjiev/Muon_Collider_Smart_Pixels/eric/Results_June2026_99SigEff/model1_fin_results/model1_8bit_normalised_selected/pareto_primary/model_trial_1028.h5
model1,model1_8w10i,1027,31.0,0.8368847299720428,0.4159931789527152,5061,3511,8572,0,0,csynth,/home/dabadjiev/smartpixels_ml_dsabadjiev/Muon_Collider_Smart_Pixels/eric/Results_June2026_99SigEff/model1_fin_results/model1_8bit_normalised_selected/pareto_secondary/model_trial_1027.h5
model1,model1_10w12i,1248,463.0,0.9476124579048766,0.8211017079829837,23438,16772,40210,0,0,csynth,/home/dabadjiev/smartpixels_ml_dsabadjiev/Muon_Collider_Smart_Pixels/eric/Results_June2026_99SigEff/model1_fin_results/model1_10bit_normalised_selected/pareto_primary/model_trial_1248.h5
model1,model1_10w12i,1250,337.0,0.9470224804011428,0.8206118987364736,21280,13778,35058,0,0,csynth,/home/dabadjiev/smartpixels_ml_dsabadjiev/Muon_Collider_Smart_Pixels/eric/Results_June2026_99SigEff/model1_fin_results/model1_10bit_normalised_selected/pareto_primary/model_trial_1250.h5
model1,model1_10w12i,1252,415.0,0.948365706080752,0.8205695695423307,23473,16746,40219,0,0,csynth,/home/dabadjiev/smartpixels_ml_dsabadjiev/Muon_Collider_Smart_Pixels/eric/Results_June2026_99SigEff/model1_fin_results/model1_10bit_normalised_selected/pareto_secondary/model_trial_1252.h5
model1,model1_10w12i,1240,391.0,0.9475972966750856,0.8204365349321675,20713,14751,35464,0,0,csynth,/home/dabadjiev/smartpixels_ml_dsabadjiev/Muon_Collider_Smart_Pixels/eric/Results_June2026_99SigEff/model1_fin_results/model1_10bit_normalised_selected/pareto_secondary/model_trial_1240.h5
model1,model1_10w12i,1245,325.0,0.9470105130167542,0.8184107806410454,19148,13669,32817,0,0,csynth,/home/dabadjiev/smartpixels_ml_dsabadjiev/Muon_Collider_Smart_Pixels/eric/Results_June2026_99SigEff/model1_fin_results/model1_10bit_normalised_selected/pareto_primary/model_trial_1245.h5
model1,model1_10w12i,1256,267.0,0.9476773113910494,0.8160040636026378,19078,13613,32691,0,0,csynth,/home/dabadjiev/smartpixels_ml_dsabadjiev/Muon_Collider_Smart_Pixels/eric/Results_June2026_99SigEff/model1_fin_results/model1_10bit_normalised_selected/pareto_primary/model_trial_1256.h5
model1,model1_10w12i,1235,281.0,0.946628167711278,0.8145074242383012,15929,11382,27311,0,0,csynth,/home/dabadjiev/smartpixels_ml_dsabadjiev/Muon_Collider_Smart_Pixels/eric/Results_June2026_99SigEff/model1_fin_results/model1_10bit_normalised_selected/pareto_secondary/model_trial_1235.h5
model1,model1_10w12i,1231,235.0,0.9464365090137458,0.8118618496043732,14823,10592,25415,0,0,csynth,/home/dabadjiev/smartpixels_ml_dsabadjiev/Muon_Collider_Smart_Pixels/eric/Results_June2026_99SigEff/model1_fin_results/model1_10bit_normalised_selected/pareto_primary/model_trial_1231.h5
model1,model1_10w12i,1242,265.0,0.9466370489935878,0.8109850305828428,17364,11351,28715,0,0,csynth,/home/dabadjiev/smartpixels_ml_dsabadjiev/Muon_Collider_Smart_Pixels/eric/Results_June2026_99SigEff/model1_fin_results/model1_10bit_normalised_selected/pareto_secondary/model_trial_1242.h5
model1,model1_10w12i,1258,205.0,0.943501508996859,0.8097242253001593,15694,10517,26211,0,0,csynth,/home/dabadjiev/smartpixels_ml_dsabadjiev/Muon_Collider_Smart_Pixels/eric/Results_June2026_99SigEff/model1_fin_results/model1_10bit_normalised_selected/pareto_primary/model_trial_1258.h5
model1,model1_10w12i,1237,193.0,0.946732123352911,0.8076500947871598,13448,8924,22372,0,0,csynth,/home/dabadjiev/smartpixels_ml_dsabadjiev/Muon_Collider_Smart_Pixels/eric/Results_June2026_99SigEff/model1_fin_results/model1_10bit_normalised_selected/pareto_primary/model_trial_1237.h5
model1,model1_10w12i,1247,211.0,0.946363102841373,0.806718852516017,15732,11255,26987,0,0,csynth,/home/dabadjiev/smartpixels_ml_dsabadjiev/Muon_Collider_Smart_Pixels/eric/Results_June2026_99SigEff/model1_fin_results/model1_10bit_normalised_selected/pareto_secondary/model_trial_1247.h5
model1,model1_10w12i,1243,163.0,0.9448362312545452,0.8039130316471197,12994,8763,21757,0,0,csynth,/home/dabadjiev/smartpixels_ml_dsabadjiev/Muon_Collider_Smart_Pixels/eric/Results_June2026_99SigEff/model1_fin_results/model1_10bit_normalised_selected/pareto_primary/model_trial_1243.h5
model1,model1_10w12i,1232,155.0,0.9447221468172312,0.8030634242503953,12386,8897,21283,0,0,csynth,/home/dabadjiev/smartpixels_ml_dsabadjiev/Muon_Collider_Smart_Pixels/eric/Results_June2026_99SigEff/model1_fin_results/model1_10bit_normalised_selected/pareto_primary/model_trial_1232.h5
model1,model1_10w12i,1255,105.0,0.9375540576852974,0.7947971373370704,11083,7611,18694,0,0,csynth,/home/dabadjiev/smartpixels_ml_dsabadjiev/Muon_Collider_Smart_Pixels/eric/Results_June2026_99SigEff/model1_fin_results/model1_10bit_normalised_selected/pareto_primary/model_trial_1255.h5
model1,model1_10w12i,1230,121.0,0.936984275564092,0.7908484282263161,10294,7009,17303,0,0,csynth,/home/dabadjiev/smartpixels_ml_dsabadjiev/Muon_Collider_Smart_Pixels/eric/Results_June2026_99SigEff/model1_fin_results/model1_10bit_normalised_selected/pareto_secondary/model_trial_1230.h5
model1,model1_10w12i,1225,99.0,0.9060104930497844,0.7123096320081272,9040,6539,15579,0,0,csynth,/home/dabadjiev/smartpixels_ml_dsabadjiev/Muon_Collider_Smart_Pixels/eric/Results_June2026_99SigEff/model1_fin_results/model1_10bit_normalised_selected/pareto_primary/model_trial_1225.h5
model1,model1_10w12i,1234,65.0,0.9182796353638978,0.7119377398024436,7521,5265,12786,0,0,csynth,/home/dabadjiev/smartpixels_ml_dsabadjiev/Muon_Collider_Smart_Pixels/eric/Results_June2026_99SigEff/model1_fin_results/model1_10bit_normalised_selected/pareto_primary/model_trial_1234.h5
model1,model1_10w12i,1226,79.0,0.9055471145449536,0.7115930592215661,7594,5255,12849,0,0,csynth,/home/dabadjiev/smartpixels_ml_dsabadjiev/Muon_Collider_Smart_Pixels/eric/Results_June2026_99SigEff/model1_fin_results/model1_10bit_normalised_selected/pareto_secondary/model_trial_1226.h5
model1,model1_10w12i,1224,61.0,0.8907899117945108,0.6890164811740909,6495,4672,11167,0,0,csynth,/home/dabadjiev/smartpixels_ml_dsabadjiev/Muon_Collider_Smart_Pixels/eric/Results_June2026_99SigEff/model1_fin_results/model1_10bit_normalised_selected/pareto_primary/model_trial_1224.h5
model1,model1_10w12i,1259,67.0,0.8628558197754292,0.673714477491451,9231,6195,15426,0,0,csynth,/home/dabadjiev/smartpixels_ml_dsabadjiev/Muon_Collider_Smart_Pixels/eric/Results_June2026_99SigEff/model1_fin_results/model1_10bit_normalised_selected/pareto_secondary/model_trial_1259.h5
model1,model1_10w12i,1253,37.0,0.8331320924231139,0.6205913388421755,7539,4739,12278,0,0,csynth,/home/dabadjiev/smartpixels_ml_dsabadjiev/Muon_Collider_Smart_Pixels/eric/Results_June2026_99SigEff/model1_fin_results/model1_10bit_normalised_selected/pareto_primary/model_trial_1253.h5
model1,model1_10w12i,1241,31.0,0.8332578157126982,0.6168482286744008,6464,4140,10604,0,0,csynth,/home/dabadjiev/smartpixels_ml_dsabadjiev/Muon_Collider_Smart_Pixels/eric/Results_June2026_99SigEff/model1_fin_results/model1_10bit_normalised_selected/pareto_primary/model_trial_1241.h5
model1,model1_10w12i,1222,45.0,0.8622075434848769,0.5875503792998147,5740,4092,9832,0,0,csynth,/home/dabadjiev/smartpixels_ml_dsabadjiev/Muon_Collider_Smart_Pixels/eric/Results_June2026_99SigEff/model1_fin_results/model1_10bit_normalised_selected/pareto_secondary/model_trial_1222.h5
model1,model1_10w12i,1227,31.0,0.8501718455144682,0.5263181764583162,4989,3525,8514,0,0,csynth,/home/dabadjiev/smartpixels_ml_dsabadjiev/Muon_Collider_Smart_Pixels/eric/Results_June2026_99SigEff/model1_fin_results/model1_10bit_normalised_selected/pareto_secondary/model_trial_1227.h5
model1,model1_10w12i,1239,25.0,0.8455442259329304,0.5092534641910136,5389,3541,8930,0,0,csynth,/home/dabadjiev/smartpixels_ml_dsabadjiev/Muon_Collider_Smart_Pixels/eric/Results_June2026_99SigEff/model1_fin_results/model1_10bit_normalised_selected/pareto_primary/model_trial_1239.h5
model1,model1_10w12i,1228,19.0,0.8375222662251283,0.3630363335661439,4314,2942,7256,0,0,csynth,/home/dabadjiev/smartpixels_ml_dsabadjiev/Muon_Collider_Smart_Pixels/eric/Results_June2026_99SigEff/model1_fin_results/model1_10bit_normalised_selected/pareto_primary/model_trial_1228.h5
model2_5,model25_3bit,063,8833.0,0.9560008525998472,0.8339395478637363,185652,96063,281715,0,0,csynth,/home/dabadjiev/smartpixels_ml_dsabadjiev/Muon_Collider_Smart_Pixels/eric/Results_June2026_99SigEff/model2.5_fin_results/model2_5_3bit_normalised_selected/pareto_primary/model_trial_063.h5
model2_5,model25_3bit,102,7051.0,0.9577483385092124,0.829694534393982,370844,117857,488701,0,0,csynth,/home/dabadjiev/smartpixels_ml_dsabadjiev/Muon_Collider_Smart_Pixels/eric/Results_June2026_99SigEff/model2.5_fin_results/model2_5_3bit_normalised_selected/pareto_primary/model_trial_102.h5
model2_5,model25_3bit,042,8797.0,0.9496326506257076,0.8296098760056962,327672,117895,445567,0,0,csynth,/home/dabadjiev/smartpixels_ml_dsabadjiev/Muon_Collider_Smart_Pixels/eric/Results_June2026_99SigEff/model2.5_fin_results/model2_5_3bit_normalised_selected/pareto_secondary/model_trial_042.h5
model2_5,model25_3bit,105,8475.0,0.9553536601462423,0.8287542215812373,425328,132324,557652,0,0,csynth,/home/dabadjiev/smartpixels_ml_dsabadjiev/Muon_Collider_Smart_Pixels/eric/Results_June2026_99SigEff/model2.5_fin_results/model2_5_3bit_normalised_selected/pareto_secondary/model_trial_105.h5
model2_5,model25_3bit,093,6271.0,0.9552455310049158,0.8268494078448091,176083,86039,262122,0,0,csynth,/home/dabadjiev/smartpixels_ml_dsabadjiev/Muon_Collider_Smart_Pixels/eric/Results_June2026_99SigEff/model2.5_fin_results/model2_5_3bit_normalised_selected/pareto_primary/model_trial_093.h5
model2_5,model25_3bit,079,5407.0,0.9525084438719114,0.8262567991268092,158272,79379,237651,0,0,csynth,/home/dabadjiev/smartpixels_ml_dsabadjiev/Muon_Collider_Smart_Pixels/eric/Results_June2026_99SigEff/model2.5_fin_results/model2_5_3bit_normalised_selected/pareto_primary/model_trial_079.h5
model2_5,model25_3bit,108,5305.0,0.9529830650670704,0.8262537756129419,149056,77528,226584,0,0,csynth,/home/dabadjiev/smartpixels_ml_dsabadjiev/Muon_Collider_Smart_Pixels/eric/Results_June2026_99SigEff/model2.5_fin_results/model2_5_3bit_normalised_selected/pareto_primary/model_trial_108.h5
model2_5,model25_3bit,104,6513.0,0.9525927483371842,0.8250987933156155,171988,87981,259969,0,0,csynth,/home/dabadjiev/smartpixels_ml_dsabadjiev/Muon_Collider_Smart_Pixels/eric/Results_June2026_99SigEff/model2.5_fin_results/model2_5_3bit_normalised_selected/pareto_secondary/model_trial_104.h5
model2_5,model25_3bit,013,5143.0,0.951658671976016,0.8247873713872789,145433,73513,218946,0,0,csynth,/home/dabadjiev/smartpixels_ml_dsabadjiev/Muon_Collider_Smart_Pixels/eric/Results_June2026_99SigEff/model2.5_fin_results/model2_5_3bit_normalised_selected/pareto_primary/model_trial_013.h5
model2_5,model25_3bit,027,2957.0,0.9537776969907992,0.8244033851261259,99012,55346,154358,0,0,csynth,/home/dabadjiev/smartpixels_ml_dsabadjiev/Muon_Collider_Smart_Pixels/eric/Results_June2026_99SigEff/model2.5_fin_results/model2_5_3bit_normalised_selected/pareto_primary/model_trial_027.h5
model2_5,model25_3bit,032,5821.0,0.9526696930266364,0.8231456033573098,142664,77234,219898,0,0,csynth,/home/dabadjiev/smartpixels_ml_dsabadjiev/Muon_Collider_Smart_Pixels/eric/Results_June2026_99SigEff/model2.5_fin_results/model2_5_3bit_normalised_selected/pareto_secondary/model_trial_032.h5
model2_5,model25_3bit,006,3261.0,0.9538034419589336,0.8221962200029631,103652,57811,161463,0,0,csynth,/home/dabadjiev/smartpixels_ml_dsabadjiev/Muon_Collider_Smart_Pixels/eric/Results_June2026_99SigEff/model2.5_fin_results/model2_5_3bit_normalised_selected/pareto_secondary/model_trial_006.h5
model2_5,model25_3bit,106,3061.0,0.951545887762747,0.8197441502565451,101060,56771,157831,0,0,csynth,/home/dabadjiev/smartpixels_ml_dsabadjiev/Muon_Collider_Smart_Pixels/eric/Results_June2026_99SigEff/model2.5_fin_results/model2_5_3bit_normalised_selected/pareto_secondary/model_trial_106.h5
model2_5,model25_3bit,020,1527.0,0.9467296473087758,0.8177758427289027,63060,38939,101999,0,0,csynth,/home/dabadjiev/smartpixels_ml_dsabadjiev/Muon_Collider_Smart_Pixels/eric/Results_June2026_99SigEff/model2.5_fin_results/model2_5_3bit_normalised_selected/pareto_primary/model_trial_020.h5
model2_5,model25_3bit,064,2965.0,0.9517365526821596,0.8173555743013415,107139,58300,165439,0,0,csynth,/home/dabadjiev/smartpixels_ml_dsabadjiev/Muon_Collider_Smart_Pixels/eric/Results_June2026_99SigEff/model2.5_fin_results/model2_5_3bit_normalised_selected/pareto_secondary/model_trial_064.h5
model2_5,model25_3bit,081,1563.0,0.9470725505133408,0.8158921935895459,63736,39625,103361,0,0,csynth,/home/dabadjiev/smartpixels_ml_dsabadjiev/Muon_Collider_Smart_Pixels/eric/Results_June2026_99SigEff/model2.5_fin_results/model2_5_3bit_normalised_selected/pareto_secondary/model_trial_081.h5
model2_5,model25_3bit,084,1489.0,0.9477816233965118,0.8095156028433125,61723,37817,99540,0,0,csynth,/home/dabadjiev/smartpixels_ml_dsabadjiev/Muon_Collider_Smart_Pixels/eric/Results_June2026_99SigEff/model2.5_fin_results/model2_5_3bit_normalised_selected/pareto_primary/model_trial_084.h5
model2_5,model25_3bit,029,1281.0,0.937776178087812,0.8083394559489148,57946,35166,93112,0,0,csynth,/home/dabadjiev/smartpixels_ml_dsabadjiev/Muon_Collider_Smart_Pixels/eric/Results_June2026_99SigEff/model2.5_fin_results/model2_5_3bit_normalised_selected/pareto_primary/model_trial_029.h5
model2_5,model25_3bit,052,725.0,0.9450461359172722,0.8003966850193959,44372,29064,73436,0,0,csynth,/home/dabadjiev/smartpixels_ml_dsabadjiev/Muon_Collider_Smart_Pixels/eric/Results_June2026_99SigEff/model2.5_fin_results/model2_5_3bit_normalised_selected/pareto_primary/model_trial_052.h5
model2_5,model25_3bit,078,1545.0,0.9460615009590996,0.7957283796082131,67645,39588,107233,0,0,csynth,/home/dabadjiev/smartpixels_ml_dsabadjiev/Muon_Collider_Smart_Pixels/eric/Results_June2026_99SigEff/model2.5_fin_results/model2_5_3bit_normalised_selected/pareto_secondary/model_trial_078.h5
model2_5,model25_3bit,096,1171.0,0.9401317830731925,0.7935242379989176,56459,34548,91007,0,0,csynth,/home/dabadjiev/smartpixels_ml_dsabadjiev/Muon_Collider_Smart_Pixels/eric/Results_June2026_99SigEff/model2.5_fin_results/model2_5_3bit_normalised_selected/pareto_secondary/model_trial_096.h5
model2_5,model25_3bit,057,711.0,0.9399214309182362,0.775038474213962,43541,28519,72060,0,0,csynth,/home/dabadjiev/smartpixels_ml_dsabadjiev/Muon_Collider_Smart_Pixels/eric/Results_June2026_99SigEff/model2.5_fin_results/model2_5_3bit_normalised_selected/pareto_primary/model_trial_057.h5
model2_5,model25_3bit,015,405.0,0.9162317710614108,0.7469016541644369,33686,24397,58083,0,0,csynth,/home/dabadjiev/smartpixels_ml_dsabadjiev/Muon_Collider_Smart_Pixels/eric/Results_June2026_99SigEff/model2.5_fin_results/model2_5_3bit_normalised_selected/pareto_primary/model_trial_015.h5
model2_5,model25_3bit,037,1045.0,0.9219178786014736,0.7468472309148246,54473,33636,88109,0,0,csynth,/home/dabadjiev/smartpixels_ml_dsabadjiev/Muon_Collider_Smart_Pixels/eric/Results_June2026_99SigEff/model2.5_fin_results/model2_5_3bit_normalised_selected/pareto_secondary/model_trial_037.h5
model2_5,model25_3bit,088,533.0,0.9395990879800336,0.7457980716028554,37540,28024,65564,0,0,csynth,/home/dabadjiev/smartpixels_ml_dsabadjiev/Muon_Collider_Smart_Pixels/eric/Results_June2026_99SigEff/model2.5_fin_results/model2_5_3bit_normalised_selected/pareto_secondary/model_trial_088.h5
model2_5,model25_3bit,066,489.0,0.9294821258773488,0.7442530560166414,35598,25909,61507,0,0,csynth,/home/dabadjiev/smartpixels_ml_dsabadjiev/Muon_Collider_Smart_Pixels/eric/Results_June2026_99SigEff/model2.5_fin_results/model2_5_3bit_normalised_selected/pareto_secondary/model_trial_066.h5
model2_5,model25_3bit,031,377.0,0.8756881225260551,0.7011044896157417,31955,22960,54915,0,0,csynth,/home/dabadjiev/smartpixels_ml_dsabadjiev/Muon_Collider_Smart_Pixels/eric/Results_June2026_99SigEff/model2.5_fin_results/model2_5_3bit_normalised_selected/pareto_primary/model_trial_031.h5
model2_5,model25_3bit,017,391.0,0.8815278386825228,0.6366280563945806,32864,23844,56708,0,0,csynth,/home/dabadjiev/smartpixels_ml_dsabadjiev/Muon_Collider_Smart_Pixels/eric/Results_June2026_99SigEff/model2.5_fin_results/model2_5_3bit_normalised_selected/pareto_secondary/model_trial_017.h5
model2_5,model25_4bit,112,10525.0,0.968636467290421,0.8645496022567507,241443,110306,351749,0,0,csynth,/home/dabadjiev/smartpixels_ml_dsabadjiev/Muon_Collider_Smart_Pixels/eric/Results_June2026_99SigEff/model2.5_fin_results/model2_5_4bit_normalised_selected/pareto_primary/model_trial_112.h5
model2_5,model25_4bit,008,11737.0,0.96876786749489,0.8616984286798431,252755,117311,370066,0,0,csynth,/home/dabadjiev/smartpixels_ml_dsabadjiev/Muon_Collider_Smart_Pixels/eric/Results_June2026_99SigEff/model2.5_fin_results/model2_5_4bit_normalised_selected/pareto_secondary/model_trial_008.h5
model2_5,model25_4bit,038,5803.0,0.9659241303372804,0.8544178072872731,296432,105717,402149,0,0,csynth,/home/dabadjiev/smartpixels_ml_dsabadjiev/Muon_Collider_Smart_Pixels/eric/Results_June2026_99SigEff/model2.5_fin_results/model2_5_4bit_normalised_selected/pareto_primary/model_trial_038.h5
model2_5,model25_4bit,063,8833.0,0.965568665281443,0.8540882442757324,185763,96203,281966,0,0,csynth,/home/dabadjiev/smartpixels_ml_dsabadjiev/Muon_Collider_Smart_Pixels/eric/Results_June2026_99SigEff/model2.5_fin_results/model2_5_4bit_normalised_selected/pareto_secondary/model_trial_063.h5
model2_5,model25_4bit,026,8607.0,0.965536235245082,0.8539763742626405,445906,140156,586062,0,0,csynth,/home/dabadjiev/smartpixels_ml_dsabadjiev/Muon_Collider_Smart_Pixels/eric/Results_June2026_99SigEff/model2.5_fin_results/model2_5_4bit_normalised_selected/pareto_secondary/model_trial_026.h5
model2_5,model25_4bit,077,8185.0,0.9654773521705916,0.8538524101940793,209060,98342,307402,0,0,csynth,/home/dabadjiev/smartpixels_ml_dsabadjiev/Muon_Collider_Smart_Pixels/eric/Results_June2026_99SigEff/model2.5_fin_results/model2_5_4bit_normalised_selected/pareto_secondary/model_trial_077.h5
model2_5,model25_4bit,065,5141.0,0.9627065244014243,0.8503209459970188,133072,70861,203933,0,0,csynth,/home/dabadjiev/smartpixels_ml_dsabadjiev/Muon_Collider_Smart_Pixels/eric/Results_June2026_99SigEff/model2.5_fin_results/model2_5_4bit_normalised_selected/pareto_primary/model_trial_065.h5
model2_5,model25_4bit,102,7051.0,0.9640692147085964,0.8494108683229475,370955,119736,490691,0,0,csynth,/home/dabadjiev/smartpixels_ml_dsabadjiev/Muon_Collider_Smart_Pixels/eric/Results_June2026_99SigEff/model2.5_fin_results/model2_5_4bit_normalised_selected/pareto_secondary/model_trial_102.h5
model2_5,model25_4bit,013,5143.0,0.9650452824438868,0.8493050453375904,145544,73672,219216,0,0,csynth,/home/dabadjiev/smartpixels_ml_dsabadjiev/Muon_Collider_Smart_Pixels/eric/Results_June2026_99SigEff/model2.5_fin_results/model2_5_4bit_normalised_selected/pareto_secondary/model_trial_013.h5
model2_5,model25_4bit,024,4669.0,0.9616677745059397,0.846045697388591,128772,69328,198100,0,0,csynth,/home/dabadjiev/smartpixels_ml_dsabadjiev/Muon_Collider_Smart_Pixels/eric/Results_June2026_99SigEff/model2.5_fin_results/model2_5_4bit_normalised_selected/pareto_primary/model_trial_024.h5
model2_5,model25_4bit,099,5139.0,0.962962252292172,0.8446911631760199,142615,73028,215643,0,0,csynth,/home/dabadjiev/smartpixels_ml_dsabadjiev/Muon_Collider_Smart_Pixels/eric/Results_June2026_99SigEff/model2.5_fin_results/model2_5_4bit_normalised_selected/pareto_secondary/model_trial_099.h5
model2_5,model25_4bit,006,3261.0,0.9593304781470992,0.8433668641021221,103763,57968,161731,0,0,csynth,/home/dabadjiev/smartpixels_ml_dsabadjiev/Muon_Collider_Smart_Pixels/eric/Results_June2026_99SigEff/model2.5_fin_results/model2_5_4bit_normalised_selected/pareto_primary/model_trial_006.h5
model2_5,model25_4bit,010,1589.0,0.9552845086147256,0.8406305840521737,72144,42326,114470,0,0,csynth,/home/dabadjiev/smartpixels_ml_dsabadjiev/Muon_Collider_Smart_Pixels/eric/Results_June2026_99SigEff/model2.5_fin_results/model2_5_4bit_normalised_selected/pareto_primary/model_trial_010.h5
model2_5,model25_4bit,109,3917.0,0.9565056352383804,0.8403433502347759,119757,64627,184384,0,0,csynth,/home/dabadjiev/smartpixels_ml_dsabadjiev/Muon_Collider_Smart_Pixels/eric/Results_June2026_99SigEff/model2.5_fin_results/model2_5_4bit_normalised_selected/pareto_secondary/model_trial_109.h5
model2_5,model25_4bit,106,3061.0,0.9567752975559242,0.8400137872232352,101171,56932,158103,0,0,csynth,/home/dabadjiev/smartpixels_ml_dsabadjiev/Muon_Collider_Smart_Pixels/eric/Results_June2026_99SigEff/model2.5_fin_results/model2_5_4bit_normalised_selected/pareto_secondary/model_trial_106.h5
model2_5,model25_4bit,064,2965.0,0.9582842983320196,0.8392639557841333,107250,58452,165702,0,0,csynth,/home/dabadjiev/smartpixels_ml_dsabadjiev/Muon_Collider_Smart_Pixels/eric/Results_June2026_99SigEff/model2.5_fin_results/model2_5_4bit_normalised_selected/pareto_secondary/model_trial_064.h5
model2_5,model25_4bit,027,2957.0,0.9569892582894584,0.837368212589307,99123,55499,154622,0,0,csynth,/home/dabadjiev/smartpixels_ml_dsabadjiev/Muon_Collider_Smart_Pixels/eric/Results_June2026_99SigEff/model2.5_fin_results/model2_5_4bit_normalised_selected/pareto_secondary/model_trial_027.h5
model2_5,model25_4bit,096,1171.0,0.9521871335500692,0.8348072963436647,56570,34691,91261,0,0,csynth,/home/dabadjiev/smartpixels_ml_dsabadjiev/Muon_Collider_Smart_Pixels/eric/Results_June2026_99SigEff/model2.5_fin_results/model2_5_4bit_normalised_selected/pareto_primary/model_trial_096.h5
model2_5,model25_4bit,020,1527.0,0.9562217325371922,0.8339969946272159,63171,39095,102266,0,0,csynth,/home/dabadjiev/smartpixels_ml_dsabadjiev/Muon_Collider_Smart_Pixels/eric/Results_June2026_99SigEff/model2.5_fin_results/model2_5_4bit_normalised_selected/pareto_secondary/model_trial_020.h5
model2_5,model25_4bit,022,1311.0,0.9566358188419204,0.8327361893445324,58962,36210,95172,0,0,csynth,/home/dabadjiev/smartpixels_ml_dsabadjiev/Muon_Collider_Smart_Pixels/eric/Results_June2026_99SigEff/model2.5_fin_results/model2_5_4bit_normalised_selected/pareto_secondary/model_trial_022.h5
model2_5,model25_4bit,033,489.0,0.9472780789651644,0.8154023843430358,35709,26043,61752,0,0,csynth,/home/dabadjiev/smartpixels_ml_dsabadjiev/Muon_Collider_Smart_Pixels/eric/Results_June2026_99SigEff/model2.5_fin_results/model2_5_4bit_normalised_selected/pareto_primary/model_trial_033.h5
model2_5,model25_4bit,029,1281.0,0.953688703670668,0.8140357560749952,58057,35319,93376,0,0,csynth,/home/dabadjiev/smartpixels_ml_dsabadjiev/Muon_Collider_Smart_Pixels/eric/Results_June2026_99SigEff/model2.5_fin_results/model2_5_4bit_normalised_selected/pareto_secondary/model_trial_029.h5
model2_5,model25_4bit,088,533.0,0.9052000696764424,0.7856419373467456,37651,28172,65823,0,0,csynth,/home/dabadjiev/smartpixels_ml_dsabadjiev/Muon_Collider_Smart_Pixels/eric/Results_June2026_99SigEff/model2.5_fin_results/model2_5_4bit_normalised_selected/pareto_secondary/model_trial_088.h5
model2_5,model25_4bit,015,405.0,0.9019022491336076,0.7610244874388117,33797,24521,58318,0,0,csynth,/home/dabadjiev/smartpixels_ml_dsabadjiev/Muon_Collider_Smart_Pixels/eric/Results_June2026_99SigEff/model2.5_fin_results/model2_5_4bit_normalised_selected/pareto_primary/model_trial_015.h5
model2_5,model25_4bit,066,489.0,0.8934136041626541,0.753755960101711,35709,26043,61752,0,0,csynth,/home/dabadjiev/smartpixels_ml_dsabadjiev/Muon_Collider_Smart_Pixels/eric/Results_June2026_99SigEff/model2.5_fin_results/model2_5_4bit_normalised_selected/pareto_secondary/model_trial_066.h5
model2_5,model25_4bit,051,391.0,0.886439981334958,0.7480112837537529,32975,23975,56950,0,0,csynth,/home/dabadjiev/smartpixels_ml_dsabadjiev/Muon_Collider_Smart_Pixels/eric/Results_June2026_99SigEff/model2.5_fin_results/model2_5_4bit_normalised_selected/pareto_primary/model_trial_051.h5
model2_5,model25_4bit,031,377.0,0.8893477285119726,0.7107646164219132,32066,23089,55155,0,0,csynth,/home/dabadjiev/smartpixels_ml_dsabadjiev/Muon_Collider_Smart_Pixels/eric/Results_June2026_99SigEff/model2.5_fin_results/model2_5_4bit_normalised_selected/pareto_primary/model_trial_031.h5
model2_5,model25_4bit,017,391.0,0.8677993522237405,0.6850919601742753,32975,23975,56950,0,0,csynth,/home/dabadjiev/smartpixels_ml_dsabadjiev/Muon_Collider_Smart_Pixels/eric/Results_June2026_99SigEff/model2.5_fin_results/model2_5_4bit_normalised_selected/pareto_secondary/model_trial_017.h5
model2_5,model25_6bit,118,11269.0,0.9760756491728376,0.8912351356499497,389699,142640,532339,0,0,csynth,/home/dabadjiev/smartpixels_ml_dsabadjiev/Muon_Collider_Smart_Pixels/eric/Results_June2026_99SigEff/model2.5_fin_results/model2_5_6bit_normalised_selected/pareto_primary/model_trial_118.h5
model2_5,model25_6bit,063,8833.0,0.974853490389904,0.8855327884961345,185837,96483,282320,0,0,csynth,/home/dabadjiev/smartpixels_ml_dsabadjiev/Muon_Collider_Smart_Pixels/eric/Results_June2026_99SigEff/model2.5_fin_results/model2_5_6bit_normalised_selected/pareto_primary/model_trial_063.h5
model2_5,model25_6bit,008,11737.0,0.974719152205286,0.8849462268058692,252829,118799,371628,0,0,csynth,/home/dabadjiev/smartpixels_ml_dsabadjiev/Muon_Collider_Smart_Pixels/eric/Results_June2026_99SigEff/model2.5_fin_results/model2_5_6bit_normalised_selected/pareto_secondary/model_trial_008.h5
model2_5,model25_6bit,042,8797.0,0.9747902206601908,0.8843294299769306,327857,123712,451569,0,0,csynth,/home/dabadjiev/smartpixels_ml_dsabadjiev/Muon_Collider_Smart_Pixels/eric/Results_June2026_99SigEff/model2.5_fin_results/model2_5_6bit_normalised_selected/pareto_primary/model_trial_042.h5
model2_5,model25_6bit,112,10525.0,0.9746830520579944,0.8824155456989003,241517,110558,352075,0,0,csynth,/home/dabadjiev/smartpixels_ml_dsabadjiev/Muon_Collider_Smart_Pixels/eric/Results_June2026_99SigEff/model2.5_fin_results/model2_5_6bit_normalised_selected/pareto_secondary/model_trial_112.h5
model2_5,model25_6bit,077,8185.0,0.9744194298845336,0.8816929258846046,209134,98636,307770,0,0,csynth,/home/dabadjiev/smartpixels_ml_dsabadjiev/Muon_Collider_Smart_Pixels/eric/Results_June2026_99SigEff/model2.5_fin_results/model2_5_6bit_normalised_selected/pareto_primary/model_trial_077.h5
model2_5,model25_6bit,092,8379.0,0.973352147854907,0.8806679546835742,434525,141869,576394,0,0,csynth,/home/dabadjiev/smartpixels_ml_dsabadjiev/Muon_Collider_Smart_Pixels/eric/Results_June2026_99SigEff/model2.5_fin_results/model2_5_6bit_normalised_selected/pareto_secondary/model_trial_092.h5
model2_5,model25_6bit,093,6271.0,0.9738923668345384,0.8800783694794416,176268,86468,262736,0,0,csynth,/home/dabadjiev/smartpixels_ml_dsabadjiev/Muon_Collider_Smart_Pixels/eric/Results_June2026_99SigEff/model2.5_fin_results/model2_5_6bit_normalised_selected/pareto_primary/model_trial_093.h5
model2_5,model25_6bit,065,5141.0,0.9736754303750392,0.8787873290580848,133146,71187,204333,0,0,csynth,/home/dabadjiev/smartpixels_ml_dsabadjiev/Muon_Collider_Smart_Pixels/eric/Results_June2026_99SigEff/model2.5_fin_results/model2_5_6bit_normalised_selected/pareto_primary/model_trial_065.h5
model2_5,model25_6bit,102,7051.0,0.9731362919048,0.8784517190188093,371029,123542,494571,0,0,csynth,/home/dabadjiev/smartpixels_ml_dsabadjiev/Muon_Collider_Smart_Pixels/eric/Results_June2026_99SigEff/model2.5_fin_results/model2_5_6bit_normalised_selected/pareto_secondary/model_trial_102.h5
model2_5,model25_6bit,099,5139.0,0.9732722176030902,0.8778077105650645,142689,73294,215983,0,0,csynth,/home/dabadjiev/smartpixels_ml_dsabadjiev/Muon_Collider_Smart_Pixels/eric/Results_June2026_99SigEff/model2.5_fin_results/model2_5_6bit_normalised_selected/pareto_primary/model_trial_099.h5
model2_5,model25_6bit,013,5143.0,0.973334284595166,0.8777290992045135,145618,73990,219608,0,0,csynth,/home/dabadjiev/smartpixels_ml_dsabadjiev/Muon_Collider_Smart_Pixels/eric/Results_June2026_99SigEff/model2.5_fin_results/model2_5_6bit_normalised_selected/pareto_secondary/model_trial_013.h5
model2_5,model25_6bit,043,3975.0,0.971394071358433,0.8721930453134024,111687,61371,173058,0,0,csynth,/home/dabadjiev/smartpixels_ml_dsabadjiev/Muon_Collider_Smart_Pixels/eric/Results_June2026_99SigEff/model2.5_fin_results/model2_5_6bit_normalised_selected/pareto_primary/model_trial_043.h5
model2_5,model25_6bit,006,3261.0,0.9702735508398044,0.866079500273628,103837,58282,162119,0,0,csynth,/home/dabadjiev/smartpixels_ml_dsabadjiev/Muon_Collider_Smart_Pixels/eric/Results_June2026_99SigEff/model2.5_fin_results/model2_5_6bit_normalised_selected/pareto_primary/model_trial_006.h5
model2_5,model25_6bit,024,4669.0,0.9690954696574816,0.8657136550956791,128846,69608,198454,0,0,csynth,/home/dabadjiev/smartpixels_ml_dsabadjiev/Muon_Collider_Smart_Pixels/eric/Results_June2026_99SigEff/model2.5_fin_results/model2_5_6bit_normalised_selected/pareto_secondary/model_trial_024.h5
model2_5,model25_6bit,019,3261.0,0.968167882212454,0.8629441163931898,114560,60394,174954,0,0,csynth,/home/dabadjiev/smartpixels_ml_dsabadjiev/Muon_Collider_Smart_Pixels/eric/Results_June2026_99SigEff/model2.5_fin_results/model2_5_6bit_normalised_selected/pareto_secondary/model_trial_019.h5
model2_5,model25_6bit,087,2637.0,0.9704038643597062,0.8600354960528026,93393,50704,144097,0,0,csynth,/home/dabadjiev/smartpixels_ml_dsabadjiev/Muon_Collider_Smart_Pixels/eric/Results_June2026_99SigEff/model2.5_fin_results/model2_5_6bit_normalised_selected/pareto_primary/model_trial_087.h5
model2_5,model25_6bit,027,2957.0,0.9688562333788272,0.8585781623687417,99197,55805,155002,0,0,csynth,/home/dabadjiev/smartpixels_ml_dsabadjiev/Muon_Collider_Smart_Pixels/eric/Results_June2026_99SigEff/model2.5_fin_results/model2_5_6bit_normalised_selected/pareto_secondary/model_trial_027.h5
model2_5,model25_6bit,089,2107.0,0.9665700259538164,0.8561502807332626,80339,46325,126664,0,0,csynth,/home/dabadjiev/smartpixels_ml_dsabadjiev/Muon_Collider_Smart_Pixels/eric/Results_June2026_99SigEff/model2.5_fin_results/model2_5_6bit_normalised_selected/pareto_primary/model_trial_089.h5
model2_5,model25_6bit,075,2271.0,0.9669789417171673,0.8558872350268034,89229,50004,139233,0,0,csynth,/home/dabadjiev/smartpixels_ml_dsabadjiev/Muon_Collider_Smart_Pixels/eric/Results_June2026_99SigEff/model2.5_fin_results/model2_5_6bit_normalised_selected/pareto_secondary/model_trial_075.h5
model2_5,model25_6bit,010,1589.0,0.9610101970485896,0.8532688720176815,72218,42600,114818,0,0,csynth,/home/dabadjiev/smartpixels_ml_dsabadjiev/Muon_Collider_Smart_Pixels/eric/Results_June2026_99SigEff/model2.5_fin_results/model2_5_6bit_normalised_selected/pareto_primary/model_trial_010.h5
model2_5,model25_6bit,025,1863.0,0.9633127806862504,0.8484796260518048,71628,42266,113894,0,0,csynth,/home/dabadjiev/smartpixels_ml_dsabadjiev/Muon_Collider_Smart_Pixels/eric/Results_June2026_99SigEff/model2.5_fin_results/model2_5_6bit_normalised_selected/pareto_secondary/model_trial_025.h5
model2_5,model25_6bit,020,1527.0,0.9616187773978504,0.8472641734771317,63245,39407,102652,0,0,csynth,/home/dabadjiev/smartpixels_ml_dsabadjiev/Muon_Collider_Smart_Pixels/eric/Results_June2026_99SigEff/model2.5_fin_results/model2_5_6bit_normalised_selected/pareto_primary/model_trial_020.h5
model2_5,model25_6bit,046,1729.0,0.958349677782226,0.844116695541224,66930,42220,109150,0,0,csynth,/home/dabadjiev/smartpixels_ml_dsabadjiev/Muon_Collider_Smart_Pixels/eric/Results_June2026_99SigEff/model2.5_fin_results/model2_5_6bit_normalised_selected/pareto_secondary/model_trial_046.h5
model2_5,model25_6bit,088,533.0,0.9566024276493684,0.8430493951460508,37725,28468,66193,0,0,csynth,/home/dabadjiev/smartpixels_ml_dsabadjiev/Muon_Collider_Smart_Pixels/eric/Results_June2026_99SigEff/model2.5_fin_results/model2_5_6bit_normalised_selected/pareto_primary/model_trial_088.h5
model2_5,model25_6bit,033,489.0,0.9556920642031816,0.8420607061114286,35783,26311,62094,0,0,csynth,/home/dabadjiev/smartpixels_ml_dsabadjiev/Muon_Collider_Smart_Pixels/eric/Results_June2026_99SigEff/model2.5_fin_results/model2_5_6bit_normalised_selected/pareto_primary/model_trial_033.h5
model2_5,model25_6bit,022,1311.0,0.9596599832920836,0.841679743364143,59036,36520,95556,0,0,csynth,/home/dabadjiev/smartpixels_ml_dsabadjiev/Muon_Collider_Smart_Pixels/eric/Results_June2026_99SigEff/model2.5_fin_results/model2_5_6bit_normalised_selected/pareto_secondary/model_trial_022.h5
model2_5,model25_6bit,080,1251.0,0.9580831973253991,0.8398142353079903,57305,34736,92041,0,0,csynth,/home/dabadjiev/smartpixels_ml_dsabadjiev/Muon_Collider_Smart_Pixels/eric/Results_June2026_99SigEff/model2.5_fin_results/model2_5_6bit_normalised_selected/pareto_secondary/model_trial_080.h5
model2_5,model25_6bit,096,1171.0,0.95743637937263,0.8396902712394291,56644,34977,91621,0,0,csynth,/home/dabadjiev/smartpixels_ml_dsabadjiev/Muon_Collider_Smart_Pixels/eric/Results_June2026_99SigEff/model2.5_fin_results/model2_5_6bit_normalised_selected/pareto_secondary/model_trial_096.h5
model2_5,model25_6bit,066,489.0,0.9550871538048732,0.8303173782506553,35783,26311,62094,0,0,csynth,/home/dabadjiev/smartpixels_ml_dsabadjiev/Muon_Collider_Smart_Pixels/eric/Results_June2026_99SigEff/model2.5_fin_results/model2_5_6bit_normalised_selected/pareto_secondary/model_trial_066.h5
model2_5,model25_6bit,031,377.0,0.9486937157043482,0.7880184192464799,32140,23347,55487,0,0,csynth,/home/dabadjiev/smartpixels_ml_dsabadjiev/Muon_Collider_Smart_Pixels/eric/Results_June2026_99SigEff/model2.5_fin_results/model2_5_6bit_normalised_selected/pareto_primary/model_trial_031.h5
model2_5,model25_6bit,051,391.0,0.9091299969712888,0.7731427310191359,33049,24237,57286,0,0,csynth,/home/dabadjiev/smartpixels_ml_dsabadjiev/Muon_Collider_Smart_Pixels/eric/Results_June2026_99SigEff/model2.5_fin_results/model2_5_6bit_normalised_selected/pareto_secondary/model_trial_051.h5
model2_5,model25_8bit,077,8185.0,0.97645304169985,0.8930371499148881,208782,98146,306928,0,0,csynth,/home/dabadjiev/smartpixels_ml_dsabadjiev/Muon_Collider_Smart_Pixels/eric/Results_June2026_99SigEff/model2.5_fin_results/model2_5_8bit_normalised_selected/pareto_primary/model_trial_077.h5
model2_5,model25_8bit,063,8833.0,0.9764015364376288,0.8928648096244494,185494,96147,281641,0,0,csynth,/home/dabadjiev/smartpixels_ml_dsabadjiev/Muon_Collider_Smart_Pixels/eric/Results_June2026_99SigEff/model2.5_fin_results/model2_5_8bit_normalised_selected/pareto_secondary/model_trial_063.h5
model2_5,model25_8bit,074,8191.0,0.976550031172517,0.8918216973402149,198621,95443,294064,0,0,csynth,/home/dabadjiev/smartpixels_ml_dsabadjiev/Muon_Collider_Smart_Pixels/eric/Results_June2026_99SigEff/model2.5_fin_results/model2_5_8bit_normalised_selected/pareto_secondary/model_trial_074.h5
model2_5,model25_8bit,065,5141.0,0.9752097482998408,0.8879092703958686,132794,70601,203395,0,0,csynth,/home/dabadjiev/smartpixels_ml_dsabadjiev/Muon_Collider_Smart_Pixels/eric/Results_June2026_99SigEff/model2.5_fin_results/model2_5_8bit_normalised_selected/pareto_primary/model_trial_065.h5
model2_5,model25_8bit,099,5139.0,0.9753158525276328,0.8864065840037976,142346,72944,215290,0,0,csynth,/home/dabadjiev/smartpixels_ml_dsabadjiev/Muon_Collider_Smart_Pixels/eric/Results_June2026_99SigEff/model2.5_fin_results/model2_5_8bit_normalised_selected/pareto_primary/model_trial_099.h5
model2_5,model25_8bit,102,7051.0,0.975445708261823,0.8857172228420426,370695,114828,485523,0,0,csynth,/home/dabadjiev/smartpixels_ml_dsabadjiev/Muon_Collider_Smart_Pixels/eric/Results_June2026_99SigEff/model2.5_fin_results/model2_5_8bit_normalised_selected/pareto_secondary/model_trial_102.h5
model2_5,model25_8bit,013,5143.0,0.973721446765831,0.88340725824739,145266,73428,218694,0,0,csynth,/home/dabadjiev/smartpixels_ml_dsabadjiev/Muon_Collider_Smart_Pixels/eric/Results_June2026_99SigEff/model2.5_fin_results/model2_5_8bit_normalised_selected/pareto_secondary/model_trial_013.h5
model2_5,model25_8bit,043,3975.0,0.9737060779477676,0.8814963974832271,111326,60593,171919,0,0,csynth,/home/dabadjiev/smartpixels_ml_dsabadjiev/Muon_Collider_Smart_Pixels/eric/Results_June2026_99SigEff/model2.5_fin_results/model2_5_8bit_normalised_selected/pareto_primary/model_trial_043.h5
model2_5,model25_8bit,049,3111.0,0.9697417748101734,0.8680568783428725,102089,55409,157498,0,0,csynth,/home/dabadjiev/smartpixels_ml_dsabadjiev/Muon_Collider_Smart_Pixels/eric/Results_June2026_99SigEff/model2.5_fin_results/model2_5_8bit_normalised_selected/pareto_primary/model_trial_049.h5
model2_5,model25_8bit,027,2957.0,0.9719683136016196,0.8673463525840461,98845,55391,154236,0,0,csynth,/home/dabadjiev/smartpixels_ml_dsabadjiev/Muon_Collider_Smart_Pixels/eric/Results_June2026_99SigEff/model2.5_fin_results/model2_5_8bit_normalised_selected/pareto_primary/model_trial_027.h5
model2_5,model25_8bit,006,3261.0,0.9718354271179572,0.8670681893082502,103485,57844,161329,0,0,csynth,/home/dabadjiev/smartpixels_ml_dsabadjiev/Muon_Collider_Smart_Pixels/eric/Results_June2026_99SigEff/model2.5_fin_results/model2_5_8bit_normalised_selected/pareto_secondary/model_trial_006.h5
model2_5,model25_8bit,087,2637.0,0.9709529842213148,0.8632132091273836,93041,50320,143361,0,0,csynth,/home/dabadjiev/smartpixels_ml_dsabadjiev/Muon_Collider_Smart_Pixels/eric/Results_June2026_99SigEff/model2.5_fin_results/model2_5_8bit_normalised_selected/pareto_primary/model_trial_087.h5
model2_5,model25_8bit,064,2965.0,0.96943407061155,0.8630378453230776,106972,58436,165408,0,0,csynth,/home/dabadjiev/smartpixels_ml_dsabadjiev/Muon_Collider_Smart_Pixels/eric/Results_June2026_99SigEff/model2.5_fin_results/model2_5_8bit_normalised_selected/pareto_secondary/model_trial_064.h5
model2_5,model25_8bit,075,2271.0,0.9667477536480952,0.8561049280252524,88868,49564,138432,0,0,csynth,/home/dabadjiev/smartpixels_ml_dsabadjiev/Muon_Collider_Smart_Pixels/eric/Results_June2026_99SigEff/model2.5_fin_results/model2_5_8bit_normalised_selected/pareto_primary/model_trial_075.h5
model2_5,model25_8bit,009,2771.0,0.9657755136346834,0.8541245264421405,95721,53210,148931,0,0,csynth,/home/dabadjiev/smartpixels_ml_dsabadjiev/Muon_Collider_Smart_Pixels/eric/Results_June2026_99SigEff/model2.5_fin_results/model2_5_8bit_normalised_selected/pareto_secondary/model_trial_009.h5
model2_5,model25_8bit,010,1589.0,0.9629025366111776,0.8540368445399875,71866,42266,114132,0,0,csynth,/home/dabadjiev/smartpixels_ml_dsabadjiev/Muon_Collider_Smart_Pixels/eric/Results_June2026_99SigEff/model2.5_fin_results/model2_5_8bit_normalised_selected/pareto_primary/model_trial_010.h5
model2_5,model25_8bit,089,2107.0,0.9632853859316188,0.850898437145682,79978,45865,125843,0,0,csynth,/home/dabadjiev/smartpixels_ml_dsabadjiev/Muon_Collider_Smart_Pixels/eric/Results_June2026_99SigEff/model2.5_fin_results/model2_5_8bit_normalised_selected/pareto_secondary/model_trial_089.h5
model2_5,model25_8bit,020,1527.0,0.961968760333356,0.8503511811356923,62884,38879,101763,0,0,csynth,/home/dabadjiev/smartpixels_ml_dsabadjiev/Muon_Collider_Smart_Pixels/eric/Results_June2026_99SigEff/model2.5_fin_results/model2_5_8bit_normalised_selected/pareto_primary/model_trial_020.h5
model2_5,model25_8bit,029,1281.0,0.966035977642548,0.8494380799477537,57770,35155,92925,0,0,csynth,/home/dabadjiev/smartpixels_ml_dsabadjiev/Muon_Collider_Smart_Pixels/eric/Results_June2026_99SigEff/model2.5_fin_results/model2_5_8bit_normalised_selected/pareto_primary/model_trial_029.h5
model2_5,model25_8bit,101,1853.0,0.9628096174199912,0.8465990004263154,78328,43277,121605,0,0,csynth,/home/dabadjiev/smartpixels_ml_dsabadjiev/Muon_Collider_Smart_Pixels/eric/Results_June2026_99SigEff/model2.5_fin_results/model2_5_8bit_normalised_selected/pareto_secondary/model_trial_101.h5
model2_5,model25_8bit,078,1545.0,0.9605574065283918,0.8463843309417338,67469,39556,107025,0,0,csynth,/home/dabadjiev/smartpixels_ml_dsabadjiev/Muon_Collider_Smart_Pixels/eric/Results_June2026_99SigEff/model2.5_fin_results/model2_5_8bit_normalised_selected/pareto_secondary/model_trial_078.h5
model2_5,model25_8bit,103,1401.0,0.9591296358350682,0.8436208392669793,61550,38746,100296,0,0,csynth,/home/dabadjiev/smartpixels_ml_dsabadjiev/Muon_Collider_Smart_Pixels/eric/Results_June2026_99SigEff/model2.5_fin_results/model2_5_8bit_normalised_selected/pareto_secondary/model_trial_103.h5
model2_5,model25_8bit,056,1339.0,0.9605580389284948,0.8427923964673264,59387,36775,96162,0,0,csynth,/home/dabadjiev/smartpixels_ml_dsabadjiev/Muon_Collider_Smart_Pixels/eric/Results_June2026_99SigEff/model2.5_fin_results/model2_5_8bit_normalised_selected/pareto_secondary/model_trial_056.h5
model2_5,model25_8bit,088,533.0,0.957596956187444,0.8422239758602653,37364,28132,65496,0,0,csynth,/home/dabadjiev/smartpixels_ml_dsabadjiev/Muon_Collider_Smart_Pixels/eric/Results_June2026_99SigEff/model2.5_fin_results/model2_5_8bit_normalised_selected/pareto_primary/model_trial_088.h5
model2_5,model25_8bit,022,1311.0,0.9603732269964488,0.8413562273803369,58675,36054,94729,0,0,csynth,/home/dabadjiev/smartpixels_ml_dsabadjiev/Muon_Collider_Smart_Pixels/eric/Results_June2026_99SigEff/model2.5_fin_results/model2_5_8bit_normalised_selected/pareto_secondary/model_trial_022.h5
model2_5,model25_8bit,096,1171.0,0.9593805857171516,0.8408633946199594,56283,34551,90834,0,0,csynth,/home/dabadjiev/smartpixels_ml_dsabadjiev/Muon_Collider_Smart_Pixels/eric/Results_June2026_99SigEff/model2.5_fin_results/model2_5_8bit_normalised_selected/pareto_secondary/model_trial_096.h5
model2_5,model25_8bit,033,489.0,0.956192880317804,0.8363704530130828,35422,25947,61369,0,0,csynth,/home/dabadjiev/smartpixels_ml_dsabadjiev/Muon_Collider_Smart_Pixels/eric/Results_June2026_99SigEff/model2.5_fin_results/model2_5_8bit_normalised_selected/pareto_primary/model_trial_033.h5
model2_5,model25_8bit,066,489.0,0.9559858383492816,0.82983361603188,35422,25947,61369,0,0,csynth,/home/dabadjiev/smartpixels_ml_dsabadjiev/Muon_Collider_Smart_Pixels/eric/Results_June2026_99SigEff/model2.5_fin_results/model2_5_8bit_normalised_selected/pareto_secondary/model_trial_066.h5
model2_5,model25_8bit,051,391.0,0.9520147470303766,0.8280830015026864,32688,23899,56587,0,0,csynth,/home/dabadjiev/smartpixels_ml_dsabadjiev/Muon_Collider_Smart_Pixels/eric/Results_June2026_99SigEff/model2.5_fin_results/model2_5_8bit_normalised_selected/pareto_primary/model_trial_051.h5
model2_5,model25_8bit,015,405.0,0.9103427763670152,0.7798428377491753,33510,24417,57927,0,0,csynth,/home/dabadjiev/smartpixels_ml_dsabadjiev/Muon_Collider_Smart_Pixels/eric/Results_June2026_99SigEff/model2.5_fin_results/model2_5_8bit_normalised_selected/pareto_secondary/model_trial_015.h5
model2_5,model25_8bit,031,377.0,0.912897693290551,0.7265987585452061,31779,23005,54784,0,0,csynth,/home/dabadjiev/smartpixels_ml_dsabadjiev/Muon_Collider_Smart_Pixels/eric/Results_June2026_99SigEff/model2.5_fin_results/model2_5_8bit_normalised_selected/pareto_primary/model_trial_031.h5
model2_5,model25_8bit,017,391.0,0.890676500263889,0.7171744658206876,32688,23899,56587,0,0,csynth,/home/dabadjiev/smartpixels_ml_dsabadjiev/Muon_Collider_Smart_Pixels/eric/Results_June2026_99SigEff/model2.5_fin_results/model2_5_8bit_normalised_selected/pareto_secondary/model_trial_017.h5
model2_5,model25_10bit,118,11269.0,0.9765802988142775,0.8927892217777657,391635,153621,545256,0,0,csynth,/home/dabadjiev/smartpixels_ml_dsabadjiev/Muon_Collider_Smart_Pixels/eric/Results_June2026_99SigEff/model2.5_fin_results/model2_5_10bit_normalised_selected/pareto_primary/model_trial_118.h5
model2_5,model25_10bit,063,8833.0,0.9760997011191064,0.8926501401398678,188169,95802,283971,0,0,csynth,/home/dabadjiev/smartpixels_ml_dsabadjiev/Muon_Collider_Smart_Pixels/eric/Results_June2026_99SigEff/model2.5_fin_results/model2_5_10bit_normalised_selected/pareto_primary/model_trial_063.h5
model2_5,model25_10bit,074,8191.0,0.976262661876072,0.8918761205898271,201755,95072,296827,0,0,csynth,/home/dabadjiev/smartpixels_ml_dsabadjiev/Muon_Collider_Smart_Pixels/eric/Results_June2026_99SigEff/model2.5_fin_results/model2_5_10bit_normalised_selected/pareto_primary/model_trial_074.h5
model2_5,model25_10bit,008,11737.0,0.9759317570140464,0.891404452426521,254806,120524,375330,0,0,csynth,/home/dabadjiev/smartpixels_ml_dsabadjiev/Muon_Collider_Smart_Pixels/eric/Results_June2026_99SigEff/model2.5_fin_results/model2_5_10bit_normalised_selected/pareto_secondary/model_trial_008.h5
model2_5,model25_10bit,112,10525.0,0.9762241592153952,0.8889040064582256,242666,109823,352489,0,0,csynth,/home/dabadjiev/smartpixels_ml_dsabadjiev/Muon_Collider_Smart_Pixels/eric/Results_June2026_99SigEff/model2.5_fin_results/model2_5_10bit_normalised_selected/pareto_secondary/model_trial_112.h5
model2_5,model25_10bit,011,8957.0,0.9752044684564914,0.8884686204613277,208780,104644,313424,0,0,csynth,/home/dabadjiev/smartpixels_ml_dsabadjiev/Muon_Collider_Smart_Pixels/eric/Results_June2026_99SigEff/model2.5_fin_results/model2_5_10bit_normalised_selected/pareto_secondary/model_trial_011.h5
model2_5,model25_10bit,065,5141.0,0.9750961390219176,0.8866454415993179,133120,70590,203710,0,0,csynth,/home/dabadjiev/smartpixels_ml_dsabadjiev/Muon_Collider_Smart_Pixels/eric/Results_June2026_99SigEff/model2.5_fin_results/model2_5_10bit_normalised_selected/pareto_primary/model_trial_065.h5
model2_5,model25_10bit,102,7051.0,0.9750532812400918,0.8866212534883792,370780,131583,502363,0,0,csynth,/home/dabadjiev/smartpixels_ml_dsabadjiev/Muon_Collider_Smart_Pixels/eric/Results_June2026_99SigEff/model2.5_fin_results/model2_5_10bit_normalised_selected/pareto_secondary/model_trial_102.h5
model2_5,model25_10bit,099,5139.0,0.97540803116402,0.8864821718504812,142278,72580,214858,0,0,csynth,/home/dabadjiev/smartpixels_ml_dsabadjiev/Muon_Collider_Smart_Pixels/eric/Results_June2026_99SigEff/model2.5_fin_results/model2_5_10bit_normalised_selected/pareto_primary/model_trial_099.h5
model2_5,model25_10bit,093,6271.0,0.9752386791692952,0.8850853084437672,175502,85801,261303,0,0,csynth,/home/dabadjiev/smartpixels_ml_dsabadjiev/Muon_Collider_Smart_Pixels/eric/Results_June2026_99SigEff/model2.5_fin_results/model2_5_10bit_normalised_selected/pareto_secondary/model_trial_093.h5
model2_5,model25_10bit,013,5143.0,0.9747940293491832,0.8846801575855427,145364,73389,218753,0,0,csynth,/home/dabadjiev/smartpixels_ml_dsabadjiev/Muon_Collider_Smart_Pixels/eric/Results_June2026_99SigEff/model2.5_fin_results/model2_5_10bit_normalised_selected/pareto_secondary/model_trial_013.h5
model2_5,model25_10bit,043,3975.0,0.9743088946965792,0.8801055811042477,110613,60918,171531,0,0,csynth,/home/dabadjiev/smartpixels_ml_dsabadjiev/Muon_Collider_Smart_Pixels/eric/Results_June2026_99SigEff/model2.5_fin_results/model2_5_10bit_normalised_selected/pareto_primary/model_trial_043.h5
model2_5,model25_10bit,024,4669.0,0.9726148762010676,0.8712799441254637,127966,68919,196885,0,0,csynth,/home/dabadjiev/smartpixels_ml_dsabadjiev/Muon_Collider_Smart_Pixels/eric/Results_June2026_99SigEff/model2.5_fin_results/model2_5_10bit_normalised_selected/pareto_secondary/model_trial_024.h5
model2_5,model25_10bit,087,2637.0,0.971225250748732,0.8707205940600047,91727,50035,141762,0,0,csynth,/home/dabadjiev/smartpixels_ml_dsabadjiev/Muon_Collider_Smart_Pixels/eric/Results_June2026_99SigEff/model2.5_fin_results/model2_5_10bit_normalised_selected/pareto_primary/model_trial_087.h5
model2_5,model25_10bit,064,2965.0,0.9717863544405329,0.8698800572048824,105524,58138,163662,0,0,csynth,/home/dabadjiev/smartpixels_ml_dsabadjiev/Muon_Collider_Smart_Pixels/eric/Results_June2026_99SigEff/model2.5_fin_results/model2_5_10bit_normalised_selected/pareto_secondary/model_trial_064.h5
model2_5,model25_10bit,081,1563.0,0.9678845831517812,0.8635427721389244,62196,39542,101738,0,0,csynth,/home/dabadjiev/smartpixels_ml_dsabadjiev/Muon_Collider_Smart_Pixels/eric/Results_June2026_99SigEff/model2.5_fin_results/model2_5_10bit_normalised_selected/pareto_primary/model_trial_081.h5
model2_5,model25_10bit,009,2771.0,0.9667343493584892,0.8609667383239453,94414,53029,147443,0,0,csynth,/home/dabadjiev/smartpixels_ml_dsabadjiev/Muon_Collider_Smart_Pixels/eric/Results_June2026_99SigEff/model2.5_fin_results/model2_5_10bit_normalised_selected/pareto_secondary/model_trial_009.h5
model2_5,model25_10bit,020,1527.0,0.9651972923481152,0.8555879071539362,61416,38779,100195,0,0,csynth,/home/dabadjiev/smartpixels_ml_dsabadjiev/Muon_Collider_Smart_Pixels/eric/Results_June2026_99SigEff/model2.5_fin_results/model2_5_10bit_normalised_selected/pareto_primary/model_trial_020.h5
model2_5,model25_10bit,089,2107.0,0.9651759553306452,0.8538040339722018,78603,45763,124366,0,0,csynth,/home/dabadjiev/smartpixels_ml_dsabadjiev/Muon_Collider_Smart_Pixels/eric/Results_June2026_99SigEff/model2.5_fin_results/model2_5_10bit_normalised_selected/pareto_secondary/model_trial_089.h5
model2_5,model25_10bit,029,1281.0,0.962915477671228,0.8521380778312939,56310,34984,91294,0,0,csynth,/home/dabadjiev/smartpixels_ml_dsabadjiev/Muon_Collider_Smart_Pixels/eric/Results_June2026_99SigEff/model2.5_fin_results/model2_5_10bit_normalised_selected/pareto_primary/model_trial_029.h5
model2_5,model25_10bit,010,1589.0,0.962604008645182,0.849903701083325,70277,41891,112168,0,0,csynth,/home/dabadjiev/smartpixels_ml_dsabadjiev/Muon_Collider_Smart_Pixels/eric/Results_June2026_99SigEff/model2.5_fin_results/model2_5_10bit_normalised_selected/pareto_secondary/model_trial_010.h5
model2_5,model25_10bit,078,1545.0,0.9623251676633352,0.8475241956697235,65891,39278,105169,0,0,csynth,/home/dabadjiev/smartpixels_ml_dsabadjiev/Muon_Collider_Smart_Pixels/eric/Results_June2026_99SigEff/model2.5_fin_results/model2_5_10bit_normalised_selected/pareto_secondary/model_trial_078.h5
model2_5,model25_10bit,056,1339.0,0.9618201861942168,0.8466110944817848,58031,36669,94700,0,0,csynth,/home/dabadjiev/smartpixels_ml_dsabadjiev/Muon_Collider_Smart_Pixels/eric/Results_June2026_99SigEff/model2.5_fin_results/model2_5_10bit_normalised_selected/pareto_secondary/model_trial_056.h5
model2_5,model25_10bit,022,1311.0,0.9609476386890026,0.8463601428307951,57214,35891,93105,0,0,csynth,/home/dabadjiev/smartpixels_ml_dsabadjiev/Muon_Collider_Smart_Pixels/eric/Results_June2026_99SigEff/model2.5_fin_results/model2_5_10bit_normalised_selected/pareto_secondary/model_trial_022.h5
model2_5,model25_10bit,057,711.0,0.9563345365466742,0.8460910500966012,41792,28243,70035,0,0,csynth,/home/dabadjiev/smartpixels_ml_dsabadjiev/Muon_Collider_Smart_Pixels/eric/Results_June2026_99SigEff/model2.5_fin_results/model2_5_10bit_normalised_selected/pareto_primary/model_trial_057.h5
model2_5,model25_10bit,096,1171.0,0.9591181869917044,0.8436359568363161,54724,34296,89020,0,0,csynth,/home/dabadjiev/smartpixels_ml_dsabadjiev/Muon_Collider_Smart_Pixels/eric/Results_June2026_99SigEff/model2.5_fin_results/model2_5_10bit_normalised_selected/pareto_secondary/model_trial_096.h5
model2_5,model25_10bit,088,533.0,0.957366978082473,0.8380364091539906,35864,27792,63656,0,0,csynth,/home/dabadjiev/smartpixels_ml_dsabadjiev/Muon_Collider_Smart_Pixels/eric/Results_June2026_99SigEff/model2.5_fin_results/model2_5_10bit_normalised_selected/pareto_primary/model_trial_088.h5
model2_5,model25_10bit,033,489.0,0.9567331116523564,0.8377098696563172,33921,25584,59505,0,0,csynth,/home/dabadjiev/smartpixels_ml_dsabadjiev/Muon_Collider_Smart_Pixels/eric/Results_June2026_99SigEff/model2.5_fin_results/model2_5_10bit_normalised_selected/pareto_primary/model_trial_033.h5
model2_5,model25_10bit,052,725.0,0.9573314396658658,0.8347347320108484,42623,28737,71360,0,0,csynth,/home/dabadjiev/smartpixels_ml_dsabadjiev/Muon_Collider_Smart_Pixels/eric/Results_June2026_99SigEff/model2.5_fin_results/model2_5_10bit_normalised_selected/pareto_secondary/model_trial_052.h5
model2_5,model25_10bit,066,489.0,0.95540936037729,0.8234479547440444,33921,25584,59505,0,0,csynth,/home/dabadjiev/smartpixels_ml_dsabadjiev/Muon_Collider_Smart_Pixels/eric/Results_June2026_99SigEff/model2.5_fin_results/model2_5_10bit_normalised_selected/pareto_secondary/model_trial_066.h5
model2_5,model25_10bit,051,391.0,0.9532133768371888,0.8173616213290762,31136,23502,54638,0,0,csynth,/home/dabadjiev/smartpixels_ml_dsabadjiev/Muon_Collider_Smart_Pixels/eric/Results_June2026_99SigEff/model2.5_fin_results/model2_5_10bit_normalised_selected/pareto_primary/model_trial_051.h5
model2_5,model25_10bit,031,377.0,0.907373374668546,0.781333430085777,30227,22604,52831,0,0,csynth,/home/dabadjiev/smartpixels_ml_dsabadjiev/Muon_Collider_Smart_Pixels/eric/Results_June2026_99SigEff/model2.5_fin_results/model2_5_10bit_normalised_selected/pareto_primary/model_trial_031.h5
model2_5,model25_10bit,015,405.0,0.9465055282977844,0.7622399400134849,31957,24002,55959,0,0,csynth,/home/dabadjiev/smartpixels_ml_dsabadjiev/Muon_Collider_Smart_Pixels/eric/Results_June2026_99SigEff/model2.5_fin_results/model2_5_10bit_normalised_selected/pareto_secondary/model_trial_015.h5
model2_5,model25_10bit,017,391.0,0.93217189792217,0.7529335643297927,31136,23502,54638,0,0,csynth,/home/dabadjiev/smartpixels_ml_dsabadjiev/Muon_Collider_Smart_Pixels/eric/Results_June2026_99SigEff/model2.5_fin_results/model2_5_10bit_normalised_selected/pareto_secondary/model_trial_017.h5
model3,model3_3bit,066,57149.0,0.9702223476903734,0.875210512153014,1351582,830084,2181666,0,0,csynth,/home/dabadjiev/smartpixels_ml_dsabadjiev/Muon_Collider_Smart_Pixels/eric/Results_June2026_99SigEff/model3_fin_results/model3_3bit_normalised_selected/pareto_primary/finishedTrials/model_trial_066.h5
model3,model3_3bit,014,36393.0,0.968156969919138,0.8708415346146985,989926,609113,1599039,0,0,csynth,/home/dabadjiev/smartpixels_ml_dsabadjiev/Muon_Collider_Smart_Pixels/eric/Results_June2026_99SigEff/model3_fin_results/model3_3bit_normalised_selected/pareto_primary/finishedTrials/model_trial_014.h5
model3,model3_3bit,087,15615.0,0.967190930083291,0.8685920402973928,590637,395576,986213,0,0,csynth,/home/dabadjiev/smartpixels_ml_dsabadjiev/Muon_Collider_Smart_Pixels/eric/Results_June2026_99SigEff/model3_fin_results/model3_3bit_normalised_selected/pareto_primary/finishedTrials/model_trial_087.h5
model3,model3_3bit,010,15103.0,0.9680794099153016,0.86003851956667,7486787,858273,8345060,0,0,csynth,/home/dabadjiev/smartpixels_ml_dsabadjiev/Muon_Collider_Smart_Pixels/eric/Results_June2026_99SigEff/model3_fin_results/model3_3bit_normalised_selected/pareto_primary/finishedTrials/model_trial_010.h5
model3,model3_3bit,074,10115.0,0.9662465917830828,0.8597301211522006,704040,530614,1234654,0,0,csynth,/home/dabadjiev/smartpixels_ml_dsabadjiev/Muon_Collider_Smart_Pixels/eric/Results_June2026_99SigEff/model3_fin_results/model3_3bit_normalised_selected/pareto_primary/finishedTrials/model_trial_074.h5
model3,model3_3bit,023,5237.0,0.9585687016017758,0.8559235171932116,7371420,835440,8206860,0,0,csynth,/home/dabadjiev/smartpixels_ml_dsabadjiev/Muon_Collider_Smart_Pixels/eric/Results_June2026_99SigEff/model3_fin_results/model3_3bit_normalised_selected/pareto_primary/finishedTrials/model_trial_023.h5
model3,model3_3bit,097,3909.0,0.9606742363041576,0.8248811003171665,283146,215082,498228,0,0,csynth,/home/dabadjiev/smartpixels_ml_dsabadjiev/Muon_Collider_Smart_Pixels/eric/Results_June2026_99SigEff/model3_fin_results/model3_3bit_normalised_selected/pareto_primary/finishedTrials/model_trial_097.h5
model3,model3_3bit,072,3095.0,0.9425675428701096,0.771573527321983,607338,497368,1104706,0,0,csynth,/home/dabadjiev/smartpixels_ml_dsabadjiev/Muon_Collider_Smart_Pixels/eric/Results_June2026_99SigEff/model3_fin_results/model3_3bit_normalised_selected/pareto_primary/finishedTrials/model_trial_072.h5
model3,model3_3bit,062,1433.0,0.8548215251300466,0.4949915492787408,258477,208824,467301,0,0,csynth,/home/dabadjiev/smartpixels_ml_dsabadjiev/Muon_Collider_Smart_Pixels/eric/Results_June2026_99SigEff/model3_fin_results/model3_3bit_normalised_selected/pareto_primary/finishedTrials/model_trial_062.h5
model3,model3_3bit,108,1211.0,0.7968821763907443,0.1153712421502021,249987,200571,450558,0,0,csynth,/home/dabadjiev/smartpixels_ml_dsabadjiev/Muon_Collider_Smart_Pixels/eric/Results_June2026_99SigEff/model3_fin_results/model3_3bit_normalised_selected/pareto_primary/finishedTrials/model_trial_108.h5
model3,model3_4bit,115,59269.0,0.9763266722839968,0.8964053443631119,1375634,848590,2224224,0,0,csynth,/home/dabadjiev/smartpixels_ml_dsabadjiev/Muon_Collider_Smart_Pixels/eric/Results_June2026_99SigEff/model3_fin_results/model3_4bit_normalised_selected/pareto_primary/finishedTrials/model_trial_115.h5
model3,model3_4bit,004,40249.0,0.9755651587206902,0.8960667108099691,763760,458482,1222242,0,0,csynth,/home/dabadjiev/smartpixels_ml_dsabadjiev/Muon_Collider_Smart_Pixels/eric/Results_June2026_99SigEff/model3_fin_results/model3_4bit_normalised_selected/pareto_primary/finishedTrials/model_trial_004.h5
model3,model3_4bit,014,36393.0,0.9750640968651768,0.8933001956213472,990764,613378,1604142,0,0,csynth,/home/dabadjiev/smartpixels_ml_dsabadjiev/Muon_Collider_Smart_Pixels/eric/Results_June2026_99SigEff/model3_fin_results/model3_4bit_normalised_selected/pareto_primary/finishedTrials/model_trial_014.h5
model3,model3_4bit,016,23979.0,0.9752124206697532,0.8922842949619189,810208,559100,1369308,0,0,csynth,/home/dabadjiev/smartpixels_ml_dsabadjiev/Muon_Collider_Smart_Pixels/eric/Results_June2026_99SigEff/model3_fin_results/model3_4bit_normalised_selected/pareto_primary/finishedTrials/model_trial_016.h5
model3,model3_4bit,090,16901.0,0.9737366304611924,0.8881904571855319,744570,540594,1285164,0,0,csynth,/home/dabadjiev/smartpixels_ml_dsabadjiev/Muon_Collider_Smart_Pixels/eric/Results_June2026_99SigEff/model3_fin_results/model3_4bit_normalised_selected/pareto_primary/finishedTrials/model_trial_090.h5
model3,model3_4bit,101,16095.0,0.9729113486336184,0.8850369322218896,546892,386662,933554,0,0,csynth,/home/dabadjiev/smartpixels_ml_dsabadjiev/Muon_Collider_Smart_Pixels/eric/Results_June2026_99SigEff/model3_fin_results/model3_4bit_normalised_selected/pareto_primary/finishedTrials/model_trial_101.h5
model3,model3_4bit,099,15541.0,0.974318800395202,0.8828509316957982,848454,551064,1399518,0,0,csynth,/home/dabadjiev/smartpixels_ml_dsabadjiev/Muon_Collider_Smart_Pixels/eric/Results_June2026_99SigEff/model3_fin_results/model3_4bit_normalised_selected/pareto_primary/finishedTrials/model_trial_099.h5
model3,model3_4bit,106,12427.0,0.973142354176213,0.8822915816303392,866105,691681,1557786,0,0,csynth,/home/dabadjiev/smartpixels_ml_dsabadjiev/Muon_Collider_Smart_Pixels/eric/Results_June2026_99SigEff/model3_fin_results/model3_4bit_normalised_selected/pareto_primary/finishedTrials/model_trial_106.h5
model3,model3_4bit,100,11225.0,0.9721081390898768,0.8820406299793494,495092,369907,864999,0,0,csynth,/home/dabadjiev/smartpixels_ml_dsabadjiev/Muon_Collider_Smart_Pixels/eric/Results_June2026_99SigEff/model3_fin_results/model3_4bit_normalised_selected/pareto_primary/finishedTrials/model_trial_100.h5
model3,model3_4bit,074,10115.0,0.9707501732442358,0.879262020735258,704878,533122,1238000,0,0,csynth,/home/dabadjiev/smartpixels_ml_dsabadjiev/Muon_Collider_Smart_Pixels/eric/Results_June2026_99SigEff/model3_fin_results/model3_4bit_normalised_selected/pareto_primary/finishedTrials/model_trial_074.h5
model3,model3_4bit,073,9839.0,0.9704583455078706,0.8763352593116669,679565,521133,1200698,0,0,csynth,/home/dabadjiev/smartpixels_ml_dsabadjiev/Muon_Collider_Smart_Pixels/eric/Results_June2026_99SigEff/model3_fin_results/model3_4bit_normalised_selected/pareto_primary/finishedTrials/model_trial_073.h5
model3,model3_4bit,023,5237.0,0.9669496793217084,0.8737773665798918,7372258,836524,8208782,0,0,csynth,/home/dabadjiev/smartpixels_ml_dsabadjiev/Muon_Collider_Smart_Pixels/eric/Results_June2026_99SigEff/model3_fin_results/model3_4bit_normalised_selected/pareto_primary/finishedTrials/model_trial_023.h5
model3,model3_4bit,005,5161.0,0.9677387567279188,0.8665148862705259,7379118,837405,8216523,0,0,csynth,/home/dabadjiev/smartpixels_ml_dsabadjiev/Muon_Collider_Smart_Pixels/eric/Results_June2026_99SigEff/model3_fin_results/model3_4bit_normalised_selected/pareto_primary/finishedTrials/model_trial_005.h5
model3,model3_4bit,097,3909.0,0.9683114812538252,0.8614414300011187,283984,216421,500405,0,0,csynth,/home/dabadjiev/smartpixels_ml_dsabadjiev/Muon_Collider_Smart_Pixels/eric/Results_June2026_99SigEff/model3_fin_results/model3_4bit_normalised_selected/pareto_primary/finishedTrials/model_trial_097.h5
model3,model3_4bit,072,3095.0,0.950998710969605,0.8279197317538497,608176,499178,1107354,0,0,csynth,/home/dabadjiev/smartpixels_ml_dsabadjiev/Muon_Collider_Smart_Pixels/eric/Results_June2026_99SigEff/model3_fin_results/model3_4bit_normalised_selected/pareto_primary/finishedTrials/model_trial_072.h5
model3,model3_4bit,108,1211.0,0.9269994607432324,0.742136596309499,250825,201889,452714,0,0,csynth,/home/dabadjiev/smartpixels_ml_dsabadjiev/Muon_Collider_Smart_Pixels/eric/Results_June2026_99SigEff/model3_fin_results/model3_4bit_normalised_selected/pareto_primary/finishedTrials/model_trial_108.h5
model3,model3_6bit,084,49505.0,0.980866404724509,0.9123332154162924,8127028,1015726,9142754,0,0,csynth,/home/dabadjiev/smartpixels_ml_dsabadjiev/Muon_Collider_Smart_Pixels/eric/Results_June2026_99SigEff/model3_fin_results/model3_6bit_normalised_selected/pareto_primary/finishedTrials/model_trial_084.h5
model3,model3_6bit,033,46735.0,0.9803456123386636,0.9098297459341296,7826101,966634,8792735,0,0,csynth,/home/dabadjiev/smartpixels_ml_dsabadjiev/Muon_Collider_Smart_Pixels/eric/Results_June2026_99SigEff/model3_fin_results/model3_6bit_normalised_selected/pareto_primary/finishedTrials/model_trial_033.h5
model3,model3_6bit,014,36393.0,0.980637767441589,0.9088682685243136,991335,622734,1614069,0,0,csynth,/home/dabadjiev/smartpixels_ml_dsabadjiev/Muon_Collider_Smart_Pixels/eric/Results_June2026_99SigEff/model3_fin_results/model3_6bit_normalised_selected/pareto_primary/finishedTrials/model_trial_014.h5
model3,model3_6bit,075,23473.0,0.979806643605753,0.9080277316691912,850956,582015,1432971,0,0,csynth,/home/dabadjiev/smartpixels_ml_dsabadjiev/Muon_Collider_Smart_Pixels/eric/Results_June2026_99SigEff/model3_fin_results/model3_6bit_normalised_selected/pareto_primary/finishedTrials/model_trial_075.h5
model3,model3_6bit,088,15773.0,0.9787836150572446,0.9027970526786822,540470,388298,928768,0,0,csynth,/home/dabadjiev/smartpixels_ml_dsabadjiev/Muon_Collider_Smart_Pixels/eric/Results_June2026_99SigEff/model3_fin_results/model3_6bit_normalised_selected/pareto_primary/finishedTrials/model_trial_088.h5
model3,model3_6bit,056,15217.0,0.9777427377933388,0.8997916798945398,403987,261263,665250,0,0,csynth,/home/dabadjiev/smartpixels_ml_dsabadjiev/Muon_Collider_Smart_Pixels/eric/Results_June2026_99SigEff/model3_fin_results/model3_6bit_normalised_selected/pareto_primary/finishedTrials/model_trial_056.h5
model3,model3_6bit,100,11225.0,0.9770190572018724,0.897288210412377,495663,375093,870756,0,0,csynth,/home/dabadjiev/smartpixels_ml_dsabadjiev/Muon_Collider_Smart_Pixels/eric/Results_June2026_99SigEff/model3_fin_results/model3_6bit_normalised_selected/pareto_primary/finishedTrials/model_trial_100.h5
model3,model3_6bit,102,5333.0,0.9760966569268584,0.8967107192637139,7420334,846592,8266926,0,0,csynth,/home/dabadjiev/smartpixels_ml_dsabadjiev/Muon_Collider_Smart_Pixels/eric/Results_June2026_99SigEff/model3_fin_results/model3_6bit_normalised_selected/pareto_primary/finishedTrials/model_trial_102.h5
model3,model3_6bit,005,5161.0,0.9720186772700368,0.8896024381615826,7379689,839575,8219264,0,0,csynth,/home/dabadjiev/smartpixels_ml_dsabadjiev/Muon_Collider_Smart_Pixels/eric/Results_June2026_99SigEff/model3_fin_results/model3_6bit_normalised_selected/pareto_primary/finishedTrials/model_trial_005.h5
model3,model3_6bit,072,3095.0,0.970310338552402,0.8822250643252575,608747,502796,1111543,0,0,csynth,/home/dabadjiev/smartpixels_ml_dsabadjiev/Muon_Collider_Smart_Pixels/eric/Results_June2026_99SigEff/model3_fin_results/model3_6bit_normalised_selected/pareto_primary/finishedTrials/model_trial_072.h5
model3,model3_6bit,051,2373.0,0.9710363743172904,0.881565938302176,416006,356110,772116,0,0,csynth,/home/dabadjiev/smartpixels_ml_dsabadjiev/Muon_Collider_Smart_Pixels/eric/Results_June2026_99SigEff/model3_fin_results/model3_6bit_normalised_selected/pareto_primary/finishedTrials/model_trial_051.h5
model3,model3_6bit,108,1211.0,0.9585783634746804,0.8226134649166569,251396,204523,455919,0,0,csynth,/home/dabadjiev/smartpixels_ml_dsabadjiev/Muon_Collider_Smart_Pixels/eric/Results_June2026_99SigEff/model3_fin_results/model3_6bit_normalised_selected/pareto_primary/finishedTrials/model_trial_108.h5
model3,model3_8bit,009,71025.0,0.9812018966629876,0.915574422282088,1482691,878194,2360885,0,0,csynth,/home/dabadjiev/smartpixels_ml_dsabadjiev/Muon_Collider_Smart_Pixels/eric/Results_June2026_99SigEff/model3_fin_results/model3_8bit_normalised_selected/pareto_primary/finishedTrials/model_trial_009.h5
model3,model3_8bit,019,59073.0,0.9809106448451264,0.9145706156781288,1251939,793758,2045697,0,0,csynth,/home/dabadjiev/smartpixels_ml_dsabadjiev/Muon_Collider_Smart_Pixels/eric/Results_June2026_99SigEff/model3_fin_results/model3_8bit_normalised_selected/pareto_primary/finishedTrials/model_trial_019.h5
model3,model3_8bit,033,46735.0,0.9813372433117636,0.9141503472505677,7823431,948982,8772413,0,0,csynth,/home/dabadjiev/smartpixels_ml_dsabadjiev/Muon_Collider_Smart_Pixels/eric/Results_June2026_99SigEff/model3_fin_results/model3_8bit_normalised_selected/pareto_primary/finishedTrials/model_trial_033.h5
model3,model3_8bit,081,46233.0,0.9811100321195048,0.9137542669339452,7723772,906441,8630213,0,0,csynth,/home/dabadjiev/smartpixels_ml_dsabadjiev/Muon_Collider_Smart_Pixels/eric/Results_June2026_99SigEff/model3_fin_results/model3_8bit_normalised_selected/pareto_primary/finishedTrials/model_trial_081.h5
model3,model3_8bit,110,39201.0,0.9804457926308512,0.9115894310049252,1149222,777488,1926710,0,0,csynth,/home/dabadjiev/smartpixels_ml_dsabadjiev/Muon_Collider_Smart_Pixels/eric/Results_June2026_99SigEff/model3_fin_results/model3_8bit_normalised_selected/pareto_primary/finishedTrials/model_trial_110.h5
model3,model3_8bit,075,23473.0,0.9806610836781255,0.910295367069701,848277,573939,1422216,0,0,csynth,/home/dabadjiev/smartpixels_ml_dsabadjiev/Muon_Collider_Smart_Pixels/eric/Results_June2026_99SigEff/model3_fin_results/model3_8bit_normalised_selected/pareto_primary/finishedTrials/model_trial_075.h5
model3,model3_8bit,090,16901.0,0.9798901241902136,0.9098176518786604,742435,539464,1281899,0,0,csynth,/home/dabadjiev/smartpixels_ml_dsabadjiev/Muon_Collider_Smart_Pixels/eric/Results_June2026_99SigEff/model3_fin_results/model3_8bit_normalised_selected/pareto_primary/finishedTrials/model_trial_090.h5
model3,model3_8bit,036,16279.0,0.9789847007607664,0.906271070112263,654414,405472,1059886,0,0,csynth,/home/dabadjiev/smartpixels_ml_dsabadjiev/Muon_Collider_Smart_Pixels/eric/Results_June2026_99SigEff/model3_fin_results/model3_8bit_normalised_selected/pareto_primary/finishedTrials/model_trial_036.h5
model3,model3_8bit,100,11225.0,0.9788848561997358,0.9061198944188956,492957,371909,864866,0,0,csynth,/home/dabadjiev/smartpixels_ml_dsabadjiev/Muon_Collider_Smart_Pixels/eric/Results_June2026_99SigEff/model3_fin_results/model3_8bit_normalised_selected/pareto_primary/finishedTrials/model_trial_100.h5
model3,model3_8bit,073,9839.0,0.9782038506990683,0.901599741187213,677430,521663,1199093,0,0,csynth,/home/dabadjiev/smartpixels_ml_dsabadjiev/Muon_Collider_Smart_Pixels/eric/Results_June2026_99SigEff/model3_fin_results/model3_8bit_normalised_selected/pareto_primary/finishedTrials/model_trial_073.h5
model3,model3_8bit,096,9803.0,0.9757931570398132,0.892241965767776,696573,530134,1226707,0,0,csynth,/home/dabadjiev/smartpixels_ml_dsabadjiev/Muon_Collider_Smart_Pixels/eric/Results_June2026_99SigEff/model3_fin_results/model3_8bit_normalised_selected/pareto_primary/finishedTrials/model_trial_096.h5
model3,model3_8bit,043,6413.0,0.9749635252972516,0.8887437602232563,495279,363668,858947,0,0,csynth,/home/dabadjiev/smartpixels_ml_dsabadjiev/Muon_Collider_Smart_Pixels/eric/Results_June2026_99SigEff/model3_fin_results/model3_8bit_normalised_selected/pareto_primary/finishedTrials/model_trial_043.h5
model3,model3_8bit,104,4065.0,0.9742640950118452,0.8869991927217974,790369,673916,1464285,0,0,csynth,/home/dabadjiev/smartpixels_ml_dsabadjiev/Muon_Collider_Smart_Pixels/eric/Results_June2026_99SigEff/model3_fin_results/model3_8bit_normalised_selected/pareto_primary/finishedTrials/model_trial_104.h5
model3,model3_8bit,072,3095.0,0.9739520274600296,0.884646898933002,606059,501980,1108039,0,0,csynth,/home/dabadjiev/smartpixels_ml_dsabadjiev/Muon_Collider_Smart_Pixels/eric/Results_June2026_99SigEff/model3_fin_results/model3_8bit_normalised_selected/pareto_primary/finishedTrials/model_trial_072.h5
model3,model3_8bit,051,2373.0,0.9715274464899704,0.8788024466274215,413318,355272,768590,0,0,csynth,/home/dabadjiev/smartpixels_ml_dsabadjiev/Muon_Collider_Smart_Pixels/eric/Results_June2026_99SigEff/model3_fin_results/model3_8bit_normalised_selected/pareto_primary/finishedTrials/model_trial_051.h5
model3,model3_8bit,108,1211.0,0.9663873592438073,0.8523134416356001,248699,202731,451430,0,0,csynth,/home/dabadjiev/smartpixels_ml_dsabadjiev/Muon_Collider_Smart_Pixels/eric/Results_June2026_99SigEff/model3_fin_results/model3_8bit_normalised_selected/pareto_primary/finishedTrials/model_trial_108.h5
model3,model3_10bit,084,49505.0,0.9813564181860284,0.9158495620440164,8122940,1040888,9163828,0,0,csynth,/home/dabadjiev/smartpixels_ml_dsabadjiev/Muon_Collider_Smart_Pixels/eric/Results_June2026_99SigEff/model3_fin_results/model3_10bit_normalised_selected/pareto_primary/finishedTrials/model_trial_084.h5
model3,model3_10bit,110,39201.0,0.9815186694103368,0.9151692714238634,1149526,804674,1954200,0,0,csynth,/home/dabadjiev/smartpixels_ml_dsabadjiev/Muon_Collider_Smart_Pixels/eric/Results_June2026_99SigEff/model3_fin_results/model3_10bit_normalised_selected/pareto_primary/finishedTrials/model_trial_110.h5
model3,model3_10bit,016,23979.0,0.9805583842801264,0.9103165316667724,804276,569546,1373822,0,0,csynth,/home/dabadjiev/smartpixels_ml_dsabadjiev/Muon_Collider_Smart_Pixels/eric/Results_June2026_99SigEff/model3_fin_results/model3_10bit_normalised_selected/pareto_primary/finishedTrials/model_trial_016.h5
model3,model3_10bit,090,16901.0,0.97998228080897,0.9099174278362828,733818,549083,1282901,0,0,csynth,/home/dabadjiev/smartpixels_ml_dsabadjiev/Muon_Collider_Smart_Pixels/eric/Results_June2026_99SigEff/model3_fin_results/model3_10bit_normalised_selected/pareto_primary/finishedTrials/model_trial_090.h5
model3,model3_10bit,088,15773.0,0.9798013939023776,0.9072265004943444,530297,392196,922493,0,0,csynth,/home/dabadjiev/smartpixels_ml_dsabadjiev/Muon_Collider_Smart_Pixels/eric/Results_June2026_99SigEff/model3_fin_results/model3_10bit_normalised_selected/pareto_primary/finishedTrials/model_trial_088.h5
model3,model3_10bit,046,14241.0,0.9782765350112878,0.9047986188588654,384387,263349,647736,0,0,csynth,/home/dabadjiev/smartpixels_ml_dsabadjiev/Muon_Collider_Smart_Pixels/eric/Results_June2026_99SigEff/model3_fin_results/model3_10bit_normalised_selected/pareto_primary/finishedTrials/model_trial_046.h5
model3,model3_10bit,074,10115.0,0.978869314929278,0.9045446436940084,693454,540816,1234270,0,0,csynth,/home/dabadjiev/smartpixels_ml_dsabadjiev/Muon_Collider_Smart_Pixels/eric/Results_June2026_99SigEff/model3_fin_results/model3_10bit_normalised_selected/pareto_primary/finishedTrials/model_trial_074.h5
model3,model3_10bit,073,9839.0,0.9784860884660684,0.9016209057842844,667220,527139,1194359,0,0,csynth,/home/dabadjiev/smartpixels_ml_dsabadjiev/Muon_Collider_Smart_Pixels/eric/Results_June2026_99SigEff/model3_fin_results/model3_10bit_normalised_selected/pareto_primary/finishedTrials/model_trial_073.h5
model3,model3_10bit,102,5333.0,0.9775667563252476,0.8992625649677543,7405682,845580,8251262,0,0,csynth,/home/dabadjiev/smartpixels_ml_dsabadjiev/Muon_Collider_Smart_Pixels/eric/Results_June2026_99SigEff/model3_fin_results/model3_10bit_normalised_selected/pareto_primary/finishedTrials/model_trial_102.h5
model3,model3_10bit,005,5161.0,0.9737615305181804,0.8885744434466849,7365292,834813,8200105,0,0,csynth,/home/dabadjiev/smartpixels_ml_dsabadjiev/Muon_Collider_Smart_Pixels/eric/Results_June2026_99SigEff/model3_fin_results/model3_10bit_normalised_selected/pareto_primary/finishedTrials/model_trial_005.h5
model3,model3_10bit,051,2373.0,0.970964842920792,0.8854088244275733,401302,354882,756184,0,0,csynth,/home/dabadjiev/smartpixels_ml_dsabadjiev/Muon_Collider_Smart_Pixels/eric/Results_June2026_99SigEff/model3_fin_results/model3_10bit_normalised_selected/pareto_primary/finishedTrials/model_trial_051.h5
model3,model3_10bit,108,1211.0,0.962440939875215,0.8226860292494731,236755,200682,437437,0,0,csynth,/home/dabadjiev/smartpixels_ml_dsabadjiev/Muon_Collider_Smart_Pixels/eric/Results_June2026_99SigEff/model3_fin_results/model3_10bit_normalised_selected/pareto_primary/finishedTrials/model_trial_108.h5
